#Key,FirstName,LastName,Ref:AccountId:Account,Title,Email,Phone,MailingCity,MailingStateCode,MailingCountryCode
CE-CON-00001,Carlos,Reyes,CE-ACC-00001,Program Officer,c.reyes0@harborlight.example.org,(912) 555-3000,Charleston,SC,US
CE-CON-00002,Sofia,Mendez,CE-ACC-00002,Grants Manager,s.mendez1@bluewave.example.org,(912) 555-3001,Jacksonville,FL,US
CE-CON-00003,Marcus,Lockhart,CE-ACC-00003,Executive Director,m.lockhart2@seagate.example.org,(912) 555-3002,Mobile,AL,US
CE-CON-00004,Grace,Ashby,CE-ACC-00004,CSR Lead,g.ashby3@atlantic.example.org,(912) 555-3003,Wilmington,NC,US
CE-CON-00005,Luis,Norwood,CE-ACC-00005,Development Director,l.norwood4@coastal.example.org,(912) 555-3004,Norfolk,VA,US
CE-CON-00006,Dana,Villanueva,CE-ACC-00006,Board Liaison,d.villanueva5@port.example.org,(912) 555-3005,Brunswick,GA,US
CE-CON-00007,Sam,Dunmore,CE-ACC-00007,Finance Manager,s.dunmore6@estuary.example.org,(912) 555-3006,Gulfport,MS,US
CE-CON-00008,Iris,Alvarez,CE-ACC-00008,Partnerships Lead,i.alvarez7@tidewater.example.org,(912) 555-3007,Pensacola,FL,US
CE-CON-00009,Hector,Kim,CE-ACC-00009,Program Officer,h.kim8@meridian.example.org,(912) 555-3008,New Bedford,MA,US
CE-CON-00010,Bianca,Delgado,CE-ACC-00010,Grants Manager,b.delgado9@anchor.example.org,(912) 555-3009,Portland,ME,US
CE-CON-00011,Reuben,Holt,CE-ACC-00011,Executive Director,r.holt10@gulfstream.example.org,(912) 555-3010,Galveston,TX,US
CE-CON-00012,Uma,Camacho,CE-ACC-00012,CSR Lead,u.camacho11@beacon.example.org,(912) 555-3011,Biloxi,MS,US
CE-CON-00013,Xavier,Duval,CE-ACC-00013,Development Director,x.duval12@harbor.example.org,(912) 555-3012,Beaufort,SC,US
CE-CON-00014,Adele,Rousseau,CE-ACC-00014,Board Liaison,a.rousseau13@anchor.example.org,(912) 555-3013,Key West,FL,US
CE-CON-00015,Dmitri,Zamora,CE-ACC-00015,Finance Manager,d.zamora14@gulfstream.example.org,(912) 555-3014,Newport,RI,US
CE-CON-00016,Greta,Godfrey,CE-ACC-00016,Partnerships Lead,g.godfrey15@beacon.example.org,(912) 555-3015,Savannah,GA,US
CE-CON-00017,Jasper,Miller,CE-ACC-00017,Program Officer,j.miller16@crescent.example.org,(912) 555-3016,Charleston,SC,US
CE-CON-00018,Mercedes,Foster,CE-ACC-00018,Grants Manager,m.foster17@windward.example.org,(912) 555-3017,Jacksonville,FL,US
CE-CON-00019,Pierce,Cole,CE-ACC-00019,Executive Director,p.cole18@coquina.example.org,(912) 555-3018,Mobile,AL,US
CE-CON-00020,Aisha,Bishop,CE-ACC-00020,CSR Lead,a.bishop19@halyard.example.org,(912) 555-3019,Wilmington,NC,US
CE-CON-00021,Carlos,Kowalski,CE-ACC-00021,Development Director,c.kowalski20@sound.example.org,(912) 555-3020,Norfolk,VA,US
CE-CON-00022,Sofia,Mbeki,CE-ACC-00022,Board Liaison,s.mbeki21@bayou.example.org,(912) 555-3021,Brunswick,GA,US
CE-CON-00023,Marcus,Umber,CE-ACC-00023,Finance Manager,m.umber22@delta.example.org,(912) 555-3022,Gulfport,MS,US
CE-CON-00024,Grace,Crowe,CE-ACC-00024,Partnerships Lead,g.crowe23@tidepool.example.org,(912) 555-3023,Pensacola,FL,US
CE-CON-00025,Luis,Joubert,CE-ACC-00025,Program Officer,l.joubert24@saltmarsh.example.org,(912) 555-3024,New Bedford,MA,US
CE-CON-00026,Dana,Brooks,CE-ACC-00026,Grants Manager,d.brooks25@driftline.example.org,(912) 555-3025,Portland,ME,US
CE-CON-00027,Sam,Grant,CE-ACC-00027,Executive Director,s.grant26@pelican.example.org,(912) 555-3026,Galveston,TX,US
CE-CON-00028,Iris,Vance,CE-ACC-00028,CSR Lead,i.vance27@mangrove.example.org,(912) 555-3027,Biloxi,MS,US
CE-CON-00029,Hector,Whitfield,CE-ACC-00029,Development Director,h.whitfield28@barrier.example.org,(912) 555-3028,Beaufort,SC,US
CE-CON-00030,Bianca,Soto,CE-ACC-00030,Board Liaison,b.soto29@longshore.example.org,(912) 555-3029,Key West,FL,US
CE-CON-00031,Reuben,Quimby,CE-ACC-00031,Finance Manager,r.quimby30@keel.example.org,(912) 555-3030,Newport,RI,US
CE-CON-00032,Uma,Yoder,CE-ACC-00032,Partnerships Lead,u.yoder31@osprey.example.org,(912) 555-3031,Savannah,GA,US
CE-CON-00033,Xavier,Falk,CE-ACC-00033,Program Officer,x.falk32@brackish.example.org,(912) 555-3032,Charleston,SC,US
CE-CON-00034,Adele,Okafor,CE-ACC-00034,Grants Manager,a.okafor33@highwater.example.org,(912) 555-3033,Jacksonville,FL,US
CE-CON-00035,Dmitri,Walsh,CE-ACC-00035,Executive Director,d.walsh34@harbor.example.org,(912) 555-3034,Mobile,AL,US
CE-CON-00036,Greta,Iwu,CE-ACC-00036,CSR Lead,g.iwu35@bluewave.example.org,(912) 555-3035,Wilmington,NC,US
CE-CON-00037,Jasper,Quinn,CE-ACC-00037,Development Director,j.quinn36@seagate.example.org,(912) 555-3036,Norfolk,VA,US
CE-CON-00038,Mercedes,Beaulieu,CE-ACC-00038,Board Liaison,m.beaulieu37@atlantic.example.org,(912) 555-3037,Brunswick,GA,US
CE-CON-00039,Pierce,Ling,CE-ACC-00039,Finance Manager,p.ling38@coastal.example.org,(912) 555-3038,Gulfport,MS,US
CE-CON-00040,Aisha,Tibbets,CE-ACC-00040,Partnerships Lead,a.tibbets39@port.example.org,(912) 555-3039,Pensacola,FL,US
CE-CON-00041,Carlos,Bassett,CE-ACC-00041,Program Officer,c.bassett40@estuary.example.org,(912) 555-3040,New Bedford,MA,US
CE-CON-00042,Sofia,Ingles,CE-ACC-00042,Grants Manager,s.ingles41@tidewater.example.org,(912) 555-3041,Portland,ME,US
CE-CON-00043,Marcus,Patel,CE-ACC-00043,Executive Director,m.patel42@meridian.example.org,(912) 555-3042,Galveston,TX,US
CE-CON-00044,Grace,Osei,CE-ACC-00044,CSR Lead,g.osei43@anchor.example.org,(912) 555-3043,Biloxi,MS,US
CE-CON-00045,Luis,Sharp,CE-ACC-00045,Development Director,l.sharp44@beacon.example.org,(912) 555-3044,Beaufort,SC,US
CE-CON-00046,Dana,Trudeau,CE-ACC-00046,Board Liaison,d.trudeau45@crescent.example.org,(912) 555-3045,Key West,FL,US
CE-CON-00047,Sam,Renner,CE-ACC-00047,Finance Manager,s.renner46@windward.example.org,(912) 555-3046,Newport,RI,US
CE-CON-00048,Iris,Petrov,CE-ACC-00048,Partnerships Lead,i.petrov47@coquina.example.org,(912) 555-3047,Savannah,GA,US
CE-CON-00049,Hector,Wexler,CE-ACC-00049,Program Officer,h.wexler48@halyard.example.org,(912) 555-3048,Charleston,SC,US
CE-CON-00050,Bianca,Ellery,CE-ACC-00050,Grants Manager,b.ellery49@sound.example.org,(912) 555-3049,Jacksonville,FL,US
CE-CON-00051,Reuben,Chen,CE-ACC-00051,Executive Director,r.chen50@bayou.example.org,(912) 555-3050,Mobile,AL,US
CE-CON-00052,Uma,Torres,CE-ACC-00052,CSR Lead,u.torres51@delta.example.org,(912) 555-3051,Wilmington,NC,US
CE-CON-00053,Xavier,Barnes,CE-ACC-00053,Development Director,x.barnes52@tidepool.example.org,(912) 555-3052,Norfolk,VA,US
CE-CON-00054,Adele,Ferro,CE-ACC-00054,Board Liaison,a.ferro53@saltmarsh.example.org,(912) 555-3053,Brunswick,GA,US
CE-CON-00055,Dmitri,Ostrander,CE-ACC-00055,Finance Manager,d.ostrander54@driftline.example.org,(912) 555-3054,Gulfport,MS,US
CE-CON-00056,Greta,Hargrove,CE-ACC-00056,Partnerships Lead,g.hargrove55@pelican.example.org,(912) 555-3055,Pensacola,FL,US
CE-CON-00057,Jasper,Salinas,CE-ACC-00057,Program Officer,j.salinas56@mangrove.example.org,(912) 555-3056,New Bedford,MA,US
CE-CON-00058,Mercedes,Aldridge,CE-ACC-00058,Grants Manager,m.aldridge57@barrier.example.org,(912) 555-3057,Portland,ME,US
CE-CON-00059,Pierce,Huxley,CE-ACC-00059,Executive Director,p.huxley58@longshore.example.org,(912) 555-3058,Galveston,TX,US
CE-CON-00060,Aisha,Nguyen,CE-ACC-00060,CSR Lead,a.nguyen59@keel.example.org,(912) 555-3059,Biloxi,MS,US
CE-CON-00061,Carlos,Reyes,CE-ACC-00061,Development Director,c.reyes60@osprey.example.org,(912) 555-3060,Beaufort,SC,US
CE-CON-00062,Sofia,Mendez,CE-ACC-00062,Board Liaison,s.mendez61@brackish.example.org,(912) 555-3061,Key West,FL,US
CE-CON-00063,Marcus,Lockhart,CE-ACC-00063,Finance Manager,m.lockhart62@highwater.example.org,(912) 555-3062,Newport,RI,US
CE-CON-00064,Grace,Ashby,CE-ACC-00064,Partnerships Lead,g.ashby63@harbor.example.org,(912) 555-3063,Savannah,GA,US
CE-CON-00065,Luis,Norwood,CE-ACC-00065,Program Officer,l.norwood64@bluewave.example.org,(912) 555-3064,Charleston,SC,US
CE-CON-00066,Dana,Villanueva,CE-ACC-00066,Grants Manager,d.villanueva65@seagate.example.org,(912) 555-3065,Jacksonville,FL,US
CE-CON-00067,Sam,Dunmore,CE-ACC-00067,Executive Director,s.dunmore66@atlantic.example.org,(912) 555-3066,Mobile,AL,US
CE-CON-00068,Iris,Alvarez,CE-ACC-00068,CSR Lead,i.alvarez67@coastal.example.org,(912) 555-3067,Wilmington,NC,US
CE-CON-00069,Hector,Kim,CE-ACC-00069,Development Director,h.kim68@port.example.org,(912) 555-3068,Norfolk,VA,US
CE-CON-00070,Bianca,Delgado,CE-ACC-00070,Board Liaison,b.delgado69@estuary.example.org,(912) 555-3069,Brunswick,GA,US
CE-CON-00071,Reuben,Holt,CE-ACC-00071,Finance Manager,r.holt70@tidewater.example.org,(912) 555-3070,Gulfport,MS,US
CE-CON-00072,Uma,Camacho,CE-ACC-00072,Partnerships Lead,u.camacho71@meridian.example.org,(912) 555-3071,Pensacola,FL,US
CE-CON-00073,Xavier,Duval,CE-ACC-00073,Program Officer,x.duval72@anchor.example.org,(912) 555-3072,New Bedford,MA,US
CE-CON-00074,Adele,Rousseau,CE-ACC-00074,Grants Manager,a.rousseau73@gulfstream.example.org,(912) 555-3073,Portland,ME,US
CE-CON-00075,Dmitri,Zamora,CE-ACC-00075,Executive Director,d.zamora74@beacon.example.org,(912) 555-3074,Galveston,TX,US
CE-CON-00076,Greta,Godfrey,CE-ACC-00076,CSR Lead,g.godfrey75@crescent.example.org,(912) 555-3075,Biloxi,MS,US
CE-CON-00077,Jasper,Miller,CE-ACC-00077,Development Director,j.miller76@windward.example.org,(912) 555-3076,Beaufort,SC,US
CE-CON-00078,Mercedes,Foster,CE-ACC-00078,Board Liaison,m.foster77@coquina.example.org,(912) 555-3077,Key West,FL,US
CE-CON-00079,Pierce,Cole,CE-ACC-00079,Finance Manager,p.cole78@halyard.example.org,(912) 555-3078,Newport,RI,US
CE-CON-00080,Aisha,Bishop,CE-ACC-00080,Partnerships Lead,a.bishop79@sound.example.org,(912) 555-3079,Savannah,GA,US
CE-CON-00081,Carlos,Kowalski,CE-ACC-00081,Program Officer,c.kowalski80@bayou.example.org,(912) 555-3080,Charleston,SC,US
CE-CON-00082,Sofia,Mbeki,CE-ACC-00082,Grants Manager,s.mbeki81@delta.example.org,(912) 555-3081,Jacksonville,FL,US
CE-CON-00083,Marcus,Umber,CE-ACC-00083,Executive Director,m.umber82@tidepool.example.org,(912) 555-3082,Mobile,AL,US
CE-CON-00084,Grace,Crowe,CE-ACC-00084,CSR Lead,g.crowe83@saltmarsh.example.org,(912) 555-3083,Wilmington,NC,US
CE-CON-00085,Luis,Joubert,CE-ACC-00085,Development Director,l.joubert84@driftline.example.org,(912) 555-3084,Norfolk,VA,US
CE-CON-00086,Dana,Brooks,CE-ACC-00086,Board Liaison,d.brooks85@pelican.example.org,(912) 555-3085,Brunswick,GA,US
CE-CON-00087,Sam,Grant,CE-ACC-00087,Finance Manager,s.grant86@mangrove.example.org,(912) 555-3086,Gulfport,MS,US
CE-CON-00088,Iris,Vance,CE-ACC-00088,Partnerships Lead,i.vance87@barrier.example.org,(912) 555-3087,Pensacola,FL,US
CE-CON-00089,Hector,Whitfield,CE-ACC-00089,Program Officer,h.whitfield88@longshore.example.org,(912) 555-3088,New Bedford,MA,US
CE-CON-00090,Bianca,Soto,CE-ACC-00090,Grants Manager,b.soto89@keel.example.org,(912) 555-3089,Portland,ME,US
CE-CON-00091,Reuben,Quimby,CE-ACC-00091,Executive Director,r.quimby90@osprey.example.org,(912) 555-3090,Galveston,TX,US
CE-CON-00092,Uma,Yoder,CE-ACC-00092,CSR Lead,u.yoder91@brackish.example.org,(912) 555-3091,Biloxi,MS,US
CE-CON-00093,Xavier,Falk,CE-ACC-00093,Development Director,x.falk92@highwater.example.org,(912) 555-3092,Beaufort,SC,US
CE-CON-00094,Adele,Okafor,CE-ACC-00094,Board Liaison,a.okafor93@harbor.example.org,(912) 555-3093,Key West,FL,US
CE-CON-00095,Dmitri,Walsh,CE-ACC-00095,Finance Manager,d.walsh94@bluewave.example.org,(912) 555-3094,Newport,RI,US
CE-CON-00096,Greta,Iwu,CE-ACC-00096,Partnerships Lead,g.iwu95@seagate.example.org,(912) 555-3095,Savannah,GA,US
CE-CON-00097,Jasper,Quinn,CE-ACC-00097,Program Officer,j.quinn96@atlantic.example.org,(912) 555-3096,Charleston,SC,US
CE-CON-00098,Mercedes,Beaulieu,CE-ACC-00098,Grants Manager,m.beaulieu97@coastal.example.org,(912) 555-3097,Jacksonville,FL,US
CE-CON-00099,Pierce,Ling,CE-ACC-00099,Executive Director,p.ling98@port.example.org,(912) 555-3098,Mobile,AL,US
CE-CON-00100,Aisha,Tibbets,CE-ACC-00100,CSR Lead,a.tibbets99@estuary.example.org,(912) 555-3099,Wilmington,NC,US
CE-CON-00101,Carlos,Bassett,CE-ACC-00101,Development Director,c.bassett100@tidewater.example.org,(912) 555-3100,Norfolk,VA,US
CE-CON-00102,Sofia,Ingles,CE-ACC-00102,Board Liaison,s.ingles101@meridian.example.org,(912) 555-3101,Brunswick,GA,US
CE-CON-00103,Marcus,Patel,CE-ACC-00103,Finance Manager,m.patel102@anchor.example.org,(912) 555-3102,Gulfport,MS,US
CE-CON-00104,Grace,Osei,CE-ACC-00104,Partnerships Lead,g.osei103@gulfstream.example.org,(912) 555-3103,Pensacola,FL,US
CE-CON-00105,Luis,Sharp,CE-ACC-00105,Program Officer,l.sharp104@beacon.example.org,(912) 555-3104,New Bedford,MA,US
CE-CON-00106,Dana,Trudeau,CE-ACC-00106,Grants Manager,d.trudeau105@crescent.example.org,(912) 555-3105,Portland,ME,US
CE-CON-00107,Sam,Renner,CE-ACC-00107,Executive Director,s.renner106@windward.example.org,(912) 555-3106,Galveston,TX,US
CE-CON-00108,Iris,Petrov,CE-ACC-00108,CSR Lead,i.petrov107@coquina.example.org,(912) 555-3107,Biloxi,MS,US
CE-CON-00109,Hector,Wexler,CE-ACC-00109,Development Director,h.wexler108@halyard.example.org,(912) 555-3108,Beaufort,SC,US
CE-CON-00110,Bianca,Ellery,CE-ACC-00110,Board Liaison,b.ellery109@sound.example.org,(912) 555-3109,Key West,FL,US
CE-CON-00111,Reuben,Chen,CE-ACC-00111,Finance Manager,r.chen110@bayou.example.org,(912) 555-3110,Newport,RI,US
CE-CON-00112,Uma,Torres,CE-ACC-00112,Partnerships Lead,u.torres111@delta.example.org,(912) 555-3111,Savannah,GA,US
CE-CON-00113,Xavier,Barnes,CE-ACC-00113,Program Officer,x.barnes112@tidepool.example.org,(912) 555-3112,Charleston,SC,US
CE-CON-00114,Adele,Ferro,CE-ACC-00114,Grants Manager,a.ferro113@saltmarsh.example.org,(912) 555-3113,Jacksonville,FL,US
CE-CON-00115,Dmitri,Ostrander,CE-ACC-00115,Executive Director,d.ostrander114@driftline.example.org,(912) 555-3114,Mobile,AL,US
CE-CON-00116,Greta,Hargrove,CE-ACC-00116,CSR Lead,g.hargrove115@pelican.example.org,(912) 555-3115,Wilmington,NC,US
CE-CON-00117,Jasper,Salinas,CE-ACC-00117,Development Director,j.salinas116@mangrove.example.org,(912) 555-3116,Norfolk,VA,US
CE-CON-00118,Mercedes,Aldridge,CE-ACC-00118,Board Liaison,m.aldridge117@barrier.example.org,(912) 555-3117,Brunswick,GA,US
CE-CON-00119,Pierce,Huxley,CE-ACC-00119,Finance Manager,p.huxley118@longshore.example.org,(912) 555-3118,Gulfport,MS,US
CE-CON-00120,Aisha,Nguyen,CE-ACC-00120,Partnerships Lead,a.nguyen119@keel.example.org,(912) 555-3119,Pensacola,FL,US
CE-CON-00121,Carlos,Reyes,CE-ACC-00121,Program Officer,c.reyes120@osprey.example.org,(912) 555-3120,New Bedford,MA,US
CE-CON-00122,Sofia,Mendez,CE-ACC-00122,Grants Manager,s.mendez121@brackish.example.org,(912) 555-3121,Portland,ME,US
CE-CON-00123,Marcus,Lockhart,CE-ACC-00123,Executive Director,m.lockhart122@highwater.example.org,(912) 555-3122,Galveston,TX,US
CE-CON-00124,Grace,Ashby,CE-ACC-00124,CSR Lead,g.ashby123@harbor.example.org,(912) 555-3123,Biloxi,MS,US
CE-CON-00125,Luis,Norwood,CE-ACC-00125,Development Director,l.norwood124@bluewave.example.org,(912) 555-3124,Beaufort,SC,US
CE-CON-00126,Dana,Villanueva,CE-ACC-00126,Board Liaison,d.villanueva125@seagate.example.org,(912) 555-3125,Key West,FL,US
CE-CON-00127,Sam,Dunmore,CE-ACC-00127,Finance Manager,s.dunmore126@atlantic.example.org,(912) 555-3126,Newport,RI,US
CE-CON-00128,Iris,Alvarez,CE-ACC-00128,Partnerships Lead,i.alvarez127@coastal.example.org,(912) 555-3127,Savannah,GA,US
CE-CON-00129,Hector,Kim,CE-ACC-00129,Program Officer,h.kim128@port.example.org,(912) 555-3128,Charleston,SC,US
CE-CON-00130,Bianca,Delgado,CE-ACC-00130,Grants Manager,b.delgado129@estuary.example.org,(912) 555-3129,Jacksonville,FL,US
CE-CON-00131,Reuben,Holt,CE-ACC-00131,Executive Director,r.holt130@tidewater.example.org,(912) 555-3130,Mobile,AL,US
CE-CON-00132,Uma,Camacho,CE-ACC-00132,CSR Lead,u.camacho131@meridian.example.org,(912) 555-3131,Wilmington,NC,US
CE-CON-00133,Xavier,Duval,CE-ACC-00133,Development Director,x.duval132@anchor.example.org,(912) 555-3132,Norfolk,VA,US
CE-CON-00134,Adele,Rousseau,CE-ACC-00134,Board Liaison,a.rousseau133@gulfstream.example.org,(912) 555-3133,Brunswick,GA,US
CE-CON-00135,Dmitri,Zamora,CE-ACC-00135,Finance Manager,d.zamora134@beacon.example.org,(912) 555-3134,Gulfport,MS,US
CE-CON-00136,Greta,Godfrey,CE-ACC-00136,Partnerships Lead,g.godfrey135@crescent.example.org,(912) 555-3135,Pensacola,FL,US
CE-CON-00137,Jasper,Miller,CE-ACC-00137,Program Officer,j.miller136@windward.example.org,(912) 555-3136,New Bedford,MA,US
CE-CON-00138,Mercedes,Foster,CE-ACC-00138,Grants Manager,m.foster137@coquina.example.org,(912) 555-3137,Portland,ME,US
CE-CON-00139,Pierce,Cole,CE-ACC-00139,Executive Director,p.cole138@halyard.example.org,(912) 555-3138,Galveston,TX,US
CE-CON-00140,Aisha,Bishop,CE-ACC-00140,CSR Lead,a.bishop139@sound.example.org,(912) 555-3139,Biloxi,MS,US
CE-CON-00141,Carlos,Kowalski,CE-ACC-00141,Development Director,c.kowalski140@bayou.example.org,(912) 555-3140,Beaufort,SC,US
CE-CON-00142,Sofia,Mbeki,CE-ACC-00142,Board Liaison,s.mbeki141@delta.example.org,(912) 555-3141,Key West,FL,US
CE-CON-00143,Marcus,Umber,CE-ACC-00143,Finance Manager,m.umber142@tidepool.example.org,(912) 555-3142,Newport,RI,US
CE-CON-00144,Grace,Crowe,CE-ACC-00144,Partnerships Lead,g.crowe143@saltmarsh.example.org,(912) 555-3143,Savannah,GA,US
CE-CON-00145,Luis,Joubert,CE-ACC-00145,Program Officer,l.joubert144@driftline.example.org,(912) 555-3144,Charleston,SC,US
CE-CON-00146,Dana,Brooks,CE-ACC-00146,Grants Manager,d.brooks145@pelican.example.org,(912) 555-3145,Jacksonville,FL,US
CE-CON-00147,Sam,Grant,CE-ACC-00147,Executive Director,s.grant146@mangrove.example.org,(912) 555-3146,Mobile,AL,US
CE-CON-00148,Iris,Vance,CE-ACC-00148,CSR Lead,i.vance147@barrier.example.org,(912) 555-3147,Wilmington,NC,US
CE-CON-00149,Hector,Whitfield,CE-ACC-00149,Development Director,h.whitfield148@longshore.example.org,(912) 555-3148,Norfolk,VA,US
CE-CON-00150,Bianca,Soto,CE-ACC-00150,Board Liaison,b.soto149@keel.example.org,(912) 555-3149,Brunswick,GA,US
CE-CON-00151,Reuben,Quimby,CE-ACC-00151,Finance Manager,r.quimby150@osprey.example.org,(912) 555-3150,Gulfport,MS,US
CE-CON-00152,Uma,Yoder,CE-ACC-00152,Partnerships Lead,u.yoder151@brackish.example.org,(912) 555-3151,Pensacola,FL,US
CE-CON-00153,Xavier,Falk,CE-ACC-00153,Program Officer,x.falk152@highwater.example.org,(912) 555-3152,New Bedford,MA,US
CE-CON-00154,Adele,Okafor,CE-ACC-00154,Grants Manager,a.okafor153@harbor.example.org,(912) 555-3153,Portland,ME,US
CE-CON-00155,Dmitri,Walsh,CE-ACC-00155,Executive Director,d.walsh154@bluewave.example.org,(912) 555-3154,Galveston,TX,US
CE-CON-00156,Greta,Iwu,CE-ACC-00156,CSR Lead,g.iwu155@seagate.example.org,(912) 555-3155,Biloxi,MS,US
CE-CON-00157,Jasper,Quinn,CE-ACC-00157,Development Director,j.quinn156@atlantic.example.org,(912) 555-3156,Beaufort,SC,US
CE-CON-00158,Mercedes,Beaulieu,CE-ACC-00158,Board Liaison,m.beaulieu157@coastal.example.org,(912) 555-3157,Key West,FL,US
CE-CON-00159,Pierce,Ling,CE-ACC-00159,Finance Manager,p.ling158@port.example.org,(912) 555-3158,Newport,RI,US
CE-CON-00160,Aisha,Tibbets,CE-ACC-00160,Partnerships Lead,a.tibbets159@estuary.example.org,(912) 555-3159,Savannah,GA,US
CE-CON-00161,Carlos,Bassett,CE-ACC-00161,Program Officer,c.bassett160@tidewater.example.org,(912) 555-3160,Charleston,SC,US
CE-CON-00162,Sofia,Ingles,CE-ACC-00162,Grants Manager,s.ingles161@meridian.example.org,(912) 555-3161,Jacksonville,FL,US
CE-CON-00163,Marcus,Patel,CE-ACC-00163,Executive Director,m.patel162@anchor.example.org,(912) 555-3162,Mobile,AL,US
CE-CON-00164,Grace,Osei,CE-ACC-00164,CSR Lead,g.osei163@gulfstream.example.org,(912) 555-3163,Wilmington,NC,US
CE-CON-00165,Luis,Sharp,CE-ACC-00165,Development Director,l.sharp164@beacon.example.org,(912) 555-3164,Norfolk,VA,US
CE-CON-00166,Dana,Trudeau,CE-ACC-00166,Board Liaison,d.trudeau165@crescent.example.org,(912) 555-3165,Brunswick,GA,US
CE-CON-00167,Sam,Renner,CE-ACC-00167,Finance Manager,s.renner166@windward.example.org,(912) 555-3166,Gulfport,MS,US
CE-CON-00168,Iris,Petrov,CE-ACC-00168,Partnerships Lead,i.petrov167@coquina.example.org,(912) 555-3167,Pensacola,FL,US
CE-CON-00169,Hector,Wexler,CE-ACC-00169,Program Officer,h.wexler168@halyard.example.org,(912) 555-3168,New Bedford,MA,US
CE-CON-00170,Bianca,Ellery,CE-ACC-00170,Grants Manager,b.ellery169@sound.example.org,(912) 555-3169,Portland,ME,US
CE-CON-00171,Reuben,Chen,CE-ACC-00171,Executive Director,r.chen170@bayou.example.org,(912) 555-3170,Galveston,TX,US
CE-CON-00172,Uma,Torres,CE-ACC-00172,CSR Lead,u.torres171@delta.example.org,(912) 555-3171,Biloxi,MS,US
CE-CON-00173,Xavier,Barnes,CE-ACC-00173,Development Director,x.barnes172@tidepool.example.org,(912) 555-3172,Beaufort,SC,US
CE-CON-00174,Adele,Ferro,CE-ACC-00174,Board Liaison,a.ferro173@saltmarsh.example.org,(912) 555-3173,Key West,FL,US
CE-CON-00175,Dmitri,Ostrander,CE-ACC-00175,Finance Manager,d.ostrander174@driftline.example.org,(912) 555-3174,Newport,RI,US
CE-CON-00176,Greta,Hargrove,CE-ACC-00176,Partnerships Lead,g.hargrove175@pelican.example.org,(912) 555-3175,Savannah,GA,US
CE-CON-00177,Jasper,Salinas,CE-ACC-00177,Program Officer,j.salinas176@mangrove.example.org,(912) 555-3176,Charleston,SC,US
CE-CON-00178,Mercedes,Aldridge,CE-ACC-00178,Grants Manager,m.aldridge177@barrier.example.org,(912) 555-3177,Jacksonville,FL,US
CE-CON-00179,Pierce,Huxley,CE-ACC-00179,Executive Director,p.huxley178@longshore.example.org,(912) 555-3178,Mobile,AL,US
CE-CON-00180,Aisha,Nguyen,CE-ACC-00180,CSR Lead,a.nguyen179@keel.example.org,(912) 555-3179,Wilmington,NC,US
CE-CON-00181,Carlos,Reyes,CE-ACC-00181,Development Director,c.reyes180@osprey.example.org,(912) 555-3180,Norfolk,VA,US
CE-CON-00182,Sofia,Mendez,CE-ACC-00182,Board Liaison,s.mendez181@brackish.example.org,(912) 555-3181,Brunswick,GA,US
CE-CON-00183,Marcus,Lockhart,CE-ACC-00183,Finance Manager,m.lockhart182@highwater.example.org,(912) 555-3182,Gulfport,MS,US
CE-CON-00184,Grace,Ashby,CE-ACC-00184,Partnerships Lead,g.ashby183@harbor.example.org,(912) 555-3183,Pensacola,FL,US
CE-CON-00185,Luis,Norwood,CE-ACC-00185,Program Officer,l.norwood184@bluewave.example.org,(912) 555-3184,New Bedford,MA,US
CE-CON-00186,Dana,Villanueva,CE-ACC-00186,Grants Manager,d.villanueva185@seagate.example.org,(912) 555-3185,Portland,ME,US
CE-CON-00187,Sam,Dunmore,CE-ACC-00187,Executive Director,s.dunmore186@atlantic.example.org,(912) 555-3186,Galveston,TX,US
CE-CON-00188,Iris,Alvarez,CE-ACC-00188,CSR Lead,i.alvarez187@coastal.example.org,(912) 555-3187,Biloxi,MS,US
CE-CON-00189,Hector,Kim,CE-ACC-00189,Development Director,h.kim188@port.example.org,(912) 555-3188,Beaufort,SC,US
CE-CON-00190,Bianca,Delgado,CE-ACC-00190,Board Liaison,b.delgado189@estuary.example.org,(912) 555-3189,Key West,FL,US
CE-CON-00191,Reuben,Holt,CE-ACC-00191,Finance Manager,r.holt190@tidewater.example.org,(912) 555-3190,Newport,RI,US
CE-CON-00192,Uma,Camacho,CE-ACC-00192,Partnerships Lead,u.camacho191@meridian.example.org,(912) 555-3191,Savannah,GA,US
CE-CON-00193,Xavier,Duval,CE-ACC-00193,Program Officer,x.duval192@anchor.example.org,(912) 555-3192,Charleston,SC,US
CE-CON-00194,Adele,Rousseau,CE-ACC-00194,Grants Manager,a.rousseau193@gulfstream.example.org,(912) 555-3193,Jacksonville,FL,US
CE-CON-00195,Dmitri,Zamora,CE-ACC-00195,Executive Director,d.zamora194@beacon.example.org,(912) 555-3194,Mobile,AL,US
CE-CON-00196,Greta,Godfrey,CE-ACC-00196,CSR Lead,g.godfrey195@crescent.example.org,(912) 555-3195,Wilmington,NC,US
CE-CON-00197,Jasper,Miller,CE-ACC-00197,Development Director,j.miller196@windward.example.org,(912) 555-3196,Norfolk,VA,US
CE-CON-00198,Mercedes,Foster,CE-ACC-00198,Board Liaison,m.foster197@coquina.example.org,(912) 555-3197,Brunswick,GA,US
CE-CON-00199,Pierce,Cole,CE-ACC-00199,Finance Manager,p.cole198@halyard.example.org,(912) 555-3198,Gulfport,MS,US
CE-CON-00200,Aisha,Bishop,CE-ACC-00200,Partnerships Lead,a.bishop199@sound.example.org,(912) 555-3199,Pensacola,FL,US
CE-CON-00201,Carlos,Kowalski,CE-ACC-00201,Program Officer,c.kowalski200@bayou.example.org,(912) 555-3200,New Bedford,MA,US
CE-CON-00202,Sofia,Mbeki,CE-ACC-00202,Grants Manager,s.mbeki201@delta.example.org,(912) 555-3201,Portland,ME,US
CE-CON-00203,Marcus,Umber,CE-ACC-00203,Executive Director,m.umber202@tidepool.example.org,(912) 555-3202,Galveston,TX,US
CE-CON-00204,Grace,Crowe,CE-ACC-00204,CSR Lead,g.crowe203@saltmarsh.example.org,(912) 555-3203,Biloxi,MS,US
CE-CON-00205,Luis,Joubert,CE-ACC-00205,Development Director,l.joubert204@driftline.example.org,(912) 555-3204,Beaufort,SC,US
CE-CON-00206,Dana,Brooks,CE-ACC-00206,Board Liaison,d.brooks205@pelican.example.org,(912) 555-3205,Key West,FL,US
CE-CON-00207,Sam,Grant,CE-ACC-00207,Finance Manager,s.grant206@mangrove.example.org,(912) 555-3206,Newport,RI,US
CE-CON-00208,Iris,Vance,CE-ACC-00208,Partnerships Lead,i.vance207@barrier.example.org,(912) 555-3207,Savannah,GA,US
CE-CON-00209,Hector,Whitfield,CE-ACC-00209,Program Officer,h.whitfield208@longshore.example.org,(912) 555-3208,Charleston,SC,US
CE-CON-00210,Bianca,Soto,CE-ACC-00210,Grants Manager,b.soto209@keel.example.org,(912) 555-3209,Jacksonville,FL,US
CE-CON-00211,Reuben,Quimby,CE-ACC-00211,Executive Director,r.quimby210@osprey.example.org,(912) 555-3210,Mobile,AL,US
CE-CON-00212,Uma,Yoder,CE-ACC-00212,CSR Lead,u.yoder211@brackish.example.org,(912) 555-3211,Wilmington,NC,US
CE-CON-00213,Xavier,Falk,CE-ACC-00213,Development Director,x.falk212@highwater.example.org,(912) 555-3212,Norfolk,VA,US
CE-CON-00214,Adele,Okafor,CE-ACC-00214,Board Liaison,a.okafor213@harbor.example.org,(912) 555-3213,Brunswick,GA,US
CE-CON-00215,Dmitri,Walsh,CE-ACC-00215,Finance Manager,d.walsh214@bluewave.example.org,(912) 555-3214,Gulfport,MS,US
CE-CON-00216,Greta,Iwu,CE-ACC-00216,Partnerships Lead,g.iwu215@seagate.example.org,(912) 555-3215,Pensacola,FL,US
CE-CON-00217,Jasper,Quinn,CE-ACC-00217,Program Officer,j.quinn216@atlantic.example.org,(912) 555-3216,New Bedford,MA,US
CE-CON-00218,Mercedes,Beaulieu,CE-ACC-00218,Grants Manager,m.beaulieu217@coastal.example.org,(912) 555-3217,Portland,ME,US
CE-CON-00219,Pierce,Ling,CE-ACC-00219,Executive Director,p.ling218@port.example.org,(912) 555-3218,Galveston,TX,US
CE-CON-00220,Aisha,Tibbets,CE-ACC-00220,CSR Lead,a.tibbets219@estuary.example.org,(912) 555-3219,Biloxi,MS,US
CE-CON-00221,Carlos,Bassett,CE-ACC-00221,Development Director,c.bassett220@tidewater.example.org,(912) 555-3220,Beaufort,SC,US
CE-CON-00222,Sofia,Ingles,CE-ACC-00222,Board Liaison,s.ingles221@meridian.example.org,(912) 555-3221,Key West,FL,US
CE-CON-00223,Marcus,Patel,CE-ACC-00223,Finance Manager,m.patel222@anchor.example.org,(912) 555-3222,Newport,RI,US
CE-CON-00224,Grace,Osei,CE-ACC-00224,Partnerships Lead,g.osei223@gulfstream.example.org,(912) 555-3223,Savannah,GA,US
CE-CON-00225,Luis,Sharp,CE-ACC-00225,Program Officer,l.sharp224@beacon.example.org,(912) 555-3224,Charleston,SC,US
CE-CON-00226,Dana,Trudeau,CE-ACC-00226,Grants Manager,d.trudeau225@crescent.example.org,(912) 555-3225,Jacksonville,FL,US
CE-CON-00227,Sam,Renner,CE-ACC-00227,Executive Director,s.renner226@windward.example.org,(912) 555-3226,Mobile,AL,US
CE-CON-00228,Iris,Petrov,CE-ACC-00228,CSR Lead,i.petrov227@coquina.example.org,(912) 555-3227,Wilmington,NC,US
CE-CON-00229,Hector,Wexler,CE-ACC-00229,Development Director,h.wexler228@halyard.example.org,(912) 555-3228,Norfolk,VA,US
CE-CON-00230,Bianca,Ellery,CE-ACC-00230,Board Liaison,b.ellery229@sound.example.org,(912) 555-3229,Brunswick,GA,US
CE-CON-00231,Reuben,Chen,CE-ACC-00231,Finance Manager,r.chen230@bayou.example.org,(912) 555-3230,Gulfport,MS,US
CE-CON-00232,Uma,Torres,CE-ACC-00232,Partnerships Lead,u.torres231@delta.example.org,(912) 555-3231,Pensacola,FL,US
CE-CON-00233,Xavier,Barnes,CE-ACC-00233,Program Officer,x.barnes232@tidepool.example.org,(912) 555-3232,New Bedford,MA,US
CE-CON-00234,Adele,Ferro,CE-ACC-00234,Grants Manager,a.ferro233@saltmarsh.example.org,(912) 555-3233,Portland,ME,US
CE-CON-00235,Dmitri,Ostrander,CE-ACC-00235,Executive Director,d.ostrander234@driftline.example.org,(912) 555-3234,Galveston,TX,US
CE-CON-00236,Greta,Hargrove,CE-ACC-00236,CSR Lead,g.hargrove235@pelican.example.org,(912) 555-3235,Biloxi,MS,US
CE-CON-00237,Jasper,Salinas,CE-ACC-00237,Development Director,j.salinas236@mangrove.example.org,(912) 555-3236,Beaufort,SC,US
CE-CON-00238,Mercedes,Aldridge,CE-ACC-00238,Board Liaison,m.aldridge237@barrier.example.org,(912) 555-3237,Key West,FL,US
CE-CON-00239,Pierce,Huxley,CE-ACC-00239,Finance Manager,p.huxley238@longshore.example.org,(912) 555-3238,Newport,RI,US
CE-CON-00240,Aisha,Nguyen,CE-ACC-00240,Partnerships Lead,a.nguyen239@keel.example.org,(912) 555-3239,Savannah,GA,US
CE-CON-00241,Carlos,Reyes,CE-ACC-00241,Program Officer,c.reyes240@osprey.example.org,(912) 555-3240,Charleston,SC,US
CE-CON-00242,Sofia,Mendez,CE-ACC-00242,Grants Manager,s.mendez241@brackish.example.org,(912) 555-3241,Jacksonville,FL,US
CE-CON-00243,Marcus,Lockhart,CE-ACC-00243,Executive Director,m.lockhart242@highwater.example.org,(912) 555-3242,Mobile,AL,US
CE-CON-00244,Grace,Ashby,CE-ACC-00244,CSR Lead,g.ashby243@harbor.example.org,(912) 555-3243,Wilmington,NC,US
CE-CON-00245,Luis,Norwood,CE-ACC-00245,Development Director,l.norwood244@bluewave.example.org,(912) 555-3244,Norfolk,VA,US
CE-CON-00246,Dana,Villanueva,CE-ACC-00246,Board Liaison,d.villanueva245@seagate.example.org,(912) 555-3245,Brunswick,GA,US
CE-CON-00247,Sam,Dunmore,CE-ACC-00247,Finance Manager,s.dunmore246@atlantic.example.org,(912) 555-3246,Gulfport,MS,US
CE-CON-00248,Iris,Alvarez,CE-ACC-00248,Partnerships Lead,i.alvarez247@coastal.example.org,(912) 555-3247,Pensacola,FL,US
CE-CON-00249,Hector,Kim,CE-ACC-00249,Program Officer,h.kim248@port.example.org,(912) 555-3248,New Bedford,MA,US
CE-CON-00250,Bianca,Delgado,CE-ACC-00250,Grants Manager,b.delgado249@estuary.example.org,(912) 555-3249,Portland,ME,US
CE-CON-00251,Reuben,Holt,CE-ACC-00251,Executive Director,r.holt250@tidewater.example.org,(912) 555-3250,Galveston,TX,US
CE-CON-00252,Uma,Camacho,CE-ACC-00252,CSR Lead,u.camacho251@meridian.example.org,(912) 555-3251,Biloxi,MS,US
CE-CON-00253,Xavier,Duval,CE-ACC-00253,Development Director,x.duval252@anchor.example.org,(912) 555-3252,Beaufort,SC,US
CE-CON-00254,Adele,Rousseau,CE-ACC-00254,Board Liaison,a.rousseau253@gulfstream.example.org,(912) 555-3253,Key West,FL,US
CE-CON-00255,Dmitri,Zamora,CE-ACC-00255,Finance Manager,d.zamora254@beacon.example.org,(912) 555-3254,Newport,RI,US
CE-CON-00256,Greta,Godfrey,CE-ACC-00256,Partnerships Lead,g.godfrey255@crescent.example.org,(912) 555-3255,Savannah,GA,US
CE-CON-00257,Jasper,Miller,CE-ACC-00257,Program Officer,j.miller256@windward.example.org,(912) 555-3256,Charleston,SC,US
CE-CON-00258,Mercedes,Foster,CE-ACC-00258,Grants Manager,m.foster257@coquina.example.org,(912) 555-3257,Jacksonville,FL,US
CE-CON-00259,Pierce,Cole,CE-ACC-00259,Executive Director,p.cole258@halyard.example.org,(912) 555-3258,Mobile,AL,US
CE-CON-00260,Aisha,Bishop,CE-ACC-00260,CSR Lead,a.bishop259@sound.example.org,(912) 555-3259,Wilmington,NC,US
CE-CON-00261,Carlos,Kowalski,CE-ACC-00261,Development Director,c.kowalski260@bayou.example.org,(912) 555-3260,Norfolk,VA,US
CE-CON-00262,Sofia,Mbeki,CE-ACC-00262,Board Liaison,s.mbeki261@delta.example.org,(912) 555-3261,Brunswick,GA,US
CE-CON-00263,Marcus,Umber,CE-ACC-00263,Finance Manager,m.umber262@tidepool.example.org,(912) 555-3262,Gulfport,MS,US
CE-CON-00264,Grace,Crowe,CE-ACC-00264,Partnerships Lead,g.crowe263@saltmarsh.example.org,(912) 555-3263,Pensacola,FL,US
CE-CON-00265,Luis,Joubert,CE-ACC-00265,Program Officer,l.joubert264@driftline.example.org,(912) 555-3264,New Bedford,MA,US
CE-CON-00266,Dana,Brooks,CE-ACC-00266,Grants Manager,d.brooks265@pelican.example.org,(912) 555-3265,Portland,ME,US
CE-CON-00267,Sam,Grant,CE-ACC-00267,Executive Director,s.grant266@mangrove.example.org,(912) 555-3266,Galveston,TX,US
CE-CON-00268,Iris,Vance,CE-ACC-00268,CSR Lead,i.vance267@barrier.example.org,(912) 555-3267,Biloxi,MS,US
CE-CON-00269,Hector,Whitfield,CE-ACC-00269,Development Director,h.whitfield268@longshore.example.org,(912) 555-3268,Beaufort,SC,US
CE-CON-00270,Bianca,Soto,CE-ACC-00270,Board Liaison,b.soto269@keel.example.org,(912) 555-3269,Key West,FL,US
CE-CON-00271,Reuben,Quimby,CE-ACC-00271,Finance Manager,r.quimby270@osprey.example.org,(912) 555-3270,Newport,RI,US
CE-CON-00272,Uma,Yoder,CE-ACC-00272,Partnerships Lead,u.yoder271@brackish.example.org,(912) 555-3271,Savannah,GA,US
CE-CON-00273,Xavier,Falk,CE-ACC-00273,Program Officer,x.falk272@highwater.example.org,(912) 555-3272,Charleston,SC,US
CE-CON-00274,Adele,Okafor,CE-ACC-00274,Grants Manager,a.okafor273@harbor.example.org,(912) 555-3273,Jacksonville,FL,US
CE-CON-00275,Dmitri,Walsh,CE-ACC-00275,Executive Director,d.walsh274@bluewave.example.org,(912) 555-3274,Mobile,AL,US
CE-CON-00276,Greta,Iwu,CE-ACC-00276,CSR Lead,g.iwu275@seagate.example.org,(912) 555-3275,Wilmington,NC,US
CE-CON-00277,Jasper,Quinn,CE-ACC-00277,Development Director,j.quinn276@atlantic.example.org,(912) 555-3276,Norfolk,VA,US
CE-CON-00278,Mercedes,Beaulieu,CE-ACC-00278,Board Liaison,m.beaulieu277@coastal.example.org,(912) 555-3277,Brunswick,GA,US
CE-CON-00279,Pierce,Ling,CE-ACC-00279,Finance Manager,p.ling278@port.example.org,(912) 555-3278,Gulfport,MS,US
CE-CON-00280,Aisha,Tibbets,CE-ACC-00280,Partnerships Lead,a.tibbets279@estuary.example.org,(912) 555-3279,Pensacola,FL,US
CE-CON-00281,Carlos,Bassett,CE-ACC-00281,Program Officer,c.bassett280@tidewater.example.org,(912) 555-3280,New Bedford,MA,US
CE-CON-00282,Sofia,Ingles,CE-ACC-00282,Grants Manager,s.ingles281@meridian.example.org,(912) 555-3281,Portland,ME,US
CE-CON-00283,Marcus,Patel,CE-ACC-00283,Executive Director,m.patel282@gulfstream.example.org,(912) 555-3282,Galveston,TX,US
CE-CON-00284,Grace,Osei,CE-ACC-00284,CSR Lead,g.osei283@beacon.example.org,(912) 555-3283,Biloxi,MS,US
CE-CON-00285,Luis,Sharp,CE-ACC-00285,Development Director,l.sharp284@crescent.example.org,(912) 555-3284,Beaufort,SC,US
CE-CON-00286,Dana,Trudeau,CE-ACC-00286,Board Liaison,d.trudeau285@windward.example.org,(912) 555-3285,Key West,FL,US
CE-CON-00287,Sam,Renner,CE-ACC-00287,Finance Manager,s.renner286@coquina.example.org,(912) 555-3286,Newport,RI,US
CE-CON-00288,Iris,Petrov,CE-ACC-00288,Partnerships Lead,i.petrov287@halyard.example.org,(912) 555-3287,Savannah,GA,US
CE-CON-00289,Hector,Wexler,CE-ACC-00289,Program Officer,h.wexler288@sound.example.org,(912) 555-3288,Charleston,SC,US
CE-CON-00290,Bianca,Ellery,CE-ACC-00290,Grants Manager,b.ellery289@bayou.example.org,(912) 555-3289,Jacksonville,FL,US
CE-CON-00291,Reuben,Chen,CE-ACC-00291,Executive Director,r.chen290@delta.example.org,(912) 555-3290,Mobile,AL,US
CE-CON-00292,Uma,Torres,CE-ACC-00292,CSR Lead,u.torres291@tidepool.example.org,(912) 555-3291,Wilmington,NC,US
CE-CON-00293,Xavier,Barnes,CE-ACC-00293,Development Director,x.barnes292@saltmarsh.example.org,(912) 555-3292,Norfolk,VA,US
CE-CON-00294,Adele,Ferro,CE-ACC-00294,Board Liaison,a.ferro293@driftline.example.org,(912) 555-3293,Brunswick,GA,US
CE-CON-00295,Dmitri,Ostrander,CE-ACC-00295,Finance Manager,d.ostrander294@pelican.example.org,(912) 555-3294,Gulfport,MS,US
CE-CON-00296,Greta,Hargrove,CE-ACC-00296,Partnerships Lead,g.hargrove295@mangrove.example.org,(912) 555-3295,Pensacola,FL,US
CE-CON-00297,Jasper,Salinas,CE-ACC-00297,Program Officer,j.salinas296@barrier.example.org,(912) 555-3296,New Bedford,MA,US
CE-CON-00298,Mercedes,Aldridge,CE-ACC-00298,Grants Manager,m.aldridge297@longshore.example.org,(912) 555-3297,Portland,ME,US
CE-CON-00299,Pierce,Huxley,CE-ACC-00299,Executive Director,p.huxley298@keel.example.org,(912) 555-3298,Galveston,TX,US
CE-CON-00300,Aisha,Nguyen,CE-ACC-00300,CSR Lead,a.nguyen299@osprey.example.org,(912) 555-3299,Biloxi,MS,US
CE-CON-00301,Carlos,Reyes,CE-ACC-00001,Development Director,c.reyes300@harborlight.example.org,(912) 555-3300,Charleston,SC,US
CE-CON-00302,Sofia,Mendez,CE-ACC-00002,Board Liaison,s.mendez301@bluewave.example.org,(912) 555-3301,Jacksonville,FL,US
CE-CON-00303,Marcus,Lockhart,CE-ACC-00003,Finance Manager,m.lockhart302@seagate.example.org,(912) 555-3302,Mobile,AL,US
CE-CON-00304,Grace,Ashby,CE-ACC-00004,Partnerships Lead,g.ashby303@atlantic.example.org,(912) 555-3303,Wilmington,NC,US
CE-CON-00305,Luis,Norwood,CE-ACC-00005,Program Officer,l.norwood304@coastal.example.org,(912) 555-3304,Norfolk,VA,US
CE-CON-00306,Dana,Villanueva,CE-ACC-00006,Grants Manager,d.villanueva305@port.example.org,(912) 555-3305,Brunswick,GA,US
CE-CON-00307,Sam,Dunmore,CE-ACC-00007,Executive Director,s.dunmore306@estuary.example.org,(912) 555-3306,Gulfport,MS,US
CE-CON-00308,Iris,Alvarez,CE-ACC-00008,CSR Lead,i.alvarez307@tidewater.example.org,(912) 555-3307,Pensacola,FL,US
CE-CON-00309,Hector,Kim,CE-ACC-00009,Development Director,h.kim308@meridian.example.org,(912) 555-3308,New Bedford,MA,US
CE-CON-00310,Bianca,Delgado,CE-ACC-00010,Board Liaison,b.delgado309@anchor.example.org,(912) 555-3309,Portland,ME,US
CE-CON-00311,Reuben,Holt,CE-ACC-00011,Finance Manager,r.holt310@gulfstream.example.org,(912) 555-3310,Galveston,TX,US
CE-CON-00312,Uma,Camacho,CE-ACC-00012,Partnerships Lead,u.camacho311@beacon.example.org,(912) 555-3311,Biloxi,MS,US
CE-CON-00313,Xavier,Duval,CE-ACC-00013,Program Officer,x.duval312@harbor.example.org,(912) 555-3312,Beaufort,SC,US
CE-CON-00314,Adele,Rousseau,CE-ACC-00014,Grants Manager,a.rousseau313@anchor.example.org,(912) 555-3313,Key West,FL,US
CE-CON-00315,Dmitri,Zamora,CE-ACC-00015,Executive Director,d.zamora314@gulfstream.example.org,(912) 555-3314,Newport,RI,US
CE-CON-00316,Greta,Godfrey,CE-ACC-00016,CSR Lead,g.godfrey315@beacon.example.org,(912) 555-3315,Savannah,GA,US
CE-CON-00317,Jasper,Miller,CE-ACC-00017,Development Director,j.miller316@crescent.example.org,(912) 555-3316,Charleston,SC,US
CE-CON-00318,Mercedes,Foster,CE-ACC-00018,Board Liaison,m.foster317@windward.example.org,(912) 555-3317,Jacksonville,FL,US
CE-CON-00319,Pierce,Cole,CE-ACC-00019,Finance Manager,p.cole318@coquina.example.org,(912) 555-3318,Mobile,AL,US
CE-CON-00320,Aisha,Bishop,CE-ACC-00020,Partnerships Lead,a.bishop319@halyard.example.org,(912) 555-3319,Wilmington,NC,US
CE-CON-00321,Carlos,Kowalski,CE-ACC-00021,Program Officer,c.kowalski320@sound.example.org,(912) 555-3320,Norfolk,VA,US
CE-CON-00322,Sofia,Mbeki,CE-ACC-00022,Grants Manager,s.mbeki321@bayou.example.org,(912) 555-3321,Brunswick,GA,US
CE-CON-00323,Marcus,Umber,CE-ACC-00023,Executive Director,m.umber322@delta.example.org,(912) 555-3322,Gulfport,MS,US
CE-CON-00324,Grace,Crowe,CE-ACC-00024,CSR Lead,g.crowe323@tidepool.example.org,(912) 555-3323,Pensacola,FL,US
CE-CON-00325,Luis,Joubert,CE-ACC-00025,Development Director,l.joubert324@saltmarsh.example.org,(912) 555-3324,New Bedford,MA,US
CE-CON-00326,Dana,Brooks,CE-ACC-00026,Board Liaison,d.brooks325@driftline.example.org,(912) 555-3325,Portland,ME,US
CE-CON-00327,Sam,Grant,CE-ACC-00027,Finance Manager,s.grant326@pelican.example.org,(912) 555-3326,Galveston,TX,US
CE-CON-00328,Iris,Vance,CE-ACC-00028,Partnerships Lead,i.vance327@mangrove.example.org,(912) 555-3327,Biloxi,MS,US
CE-CON-00329,Hector,Whitfield,CE-ACC-00029,Program Officer,h.whitfield328@barrier.example.org,(912) 555-3328,Beaufort,SC,US
CE-CON-00330,Bianca,Soto,CE-ACC-00030,Grants Manager,b.soto329@longshore.example.org,(912) 555-3329,Key West,FL,US
CE-CON-00331,Reuben,Quimby,CE-ACC-00031,Executive Director,r.quimby330@keel.example.org,(912) 555-3330,Newport,RI,US
CE-CON-00332,Uma,Yoder,CE-ACC-00032,CSR Lead,u.yoder331@osprey.example.org,(912) 555-3331,Savannah,GA,US
CE-CON-00333,Xavier,Falk,CE-ACC-00033,Development Director,x.falk332@brackish.example.org,(912) 555-3332,Charleston,SC,US
CE-CON-00334,Adele,Okafor,CE-ACC-00034,Board Liaison,a.okafor333@highwater.example.org,(912) 555-3333,Jacksonville,FL,US
CE-CON-00335,Dmitri,Walsh,CE-ACC-00035,Finance Manager,d.walsh334@harbor.example.org,(912) 555-3334,Mobile,AL,US
CE-CON-00336,Greta,Iwu,CE-ACC-00036,Partnerships Lead,g.iwu335@bluewave.example.org,(912) 555-3335,Wilmington,NC,US
CE-CON-00337,Jasper,Quinn,CE-ACC-00037,Program Officer,j.quinn336@seagate.example.org,(912) 555-3336,Norfolk,VA,US
CE-CON-00338,Mercedes,Beaulieu,CE-ACC-00038,Grants Manager,m.beaulieu337@atlantic.example.org,(912) 555-3337,Brunswick,GA,US
CE-CON-00339,Pierce,Ling,CE-ACC-00039,Executive Director,p.ling338@coastal.example.org,(912) 555-3338,Gulfport,MS,US
CE-CON-00340,Aisha,Tibbets,CE-ACC-00040,CSR Lead,a.tibbets339@port.example.org,(912) 555-3339,Pensacola,FL,US
CE-CON-00341,Carlos,Bassett,CE-ACC-00041,Development Director,c.bassett340@estuary.example.org,(912) 555-3340,New Bedford,MA,US
CE-CON-00342,Sofia,Ingles,CE-ACC-00042,Board Liaison,s.ingles341@tidewater.example.org,(912) 555-3341,Portland,ME,US
CE-CON-00343,Marcus,Patel,CE-ACC-00043,Finance Manager,m.patel342@meridian.example.org,(912) 555-3342,Galveston,TX,US
CE-CON-00344,Grace,Osei,CE-ACC-00044,Partnerships Lead,g.osei343@anchor.example.org,(912) 555-3343,Biloxi,MS,US
CE-CON-00345,Luis,Sharp,CE-ACC-00045,Program Officer,l.sharp344@beacon.example.org,(912) 555-3344,Beaufort,SC,US
CE-CON-00346,Dana,Trudeau,CE-ACC-00046,Grants Manager,d.trudeau345@crescent.example.org,(912) 555-3345,Key West,FL,US
CE-CON-00347,Sam,Renner,CE-ACC-00047,Executive Director,s.renner346@windward.example.org,(912) 555-3346,Newport,RI,US
CE-CON-00348,Iris,Petrov,CE-ACC-00048,CSR Lead,i.petrov347@coquina.example.org,(912) 555-3347,Savannah,GA,US
CE-CON-00349,Hector,Wexler,CE-ACC-00049,Development Director,h.wexler348@halyard.example.org,(912) 555-3348,Charleston,SC,US
CE-CON-00350,Bianca,Ellery,CE-ACC-00050,Board Liaison,b.ellery349@sound.example.org,(912) 555-3349,Jacksonville,FL,US
CE-CON-00351,Reuben,Chen,CE-ACC-00051,Finance Manager,r.chen350@bayou.example.org,(912) 555-3350,Mobile,AL,US
CE-CON-00352,Uma,Torres,CE-ACC-00052,Partnerships Lead,u.torres351@delta.example.org,(912) 555-3351,Wilmington,NC,US
CE-CON-00353,Xavier,Barnes,CE-ACC-00053,Program Officer,x.barnes352@tidepool.example.org,(912) 555-3352,Norfolk,VA,US
CE-CON-00354,Adele,Ferro,CE-ACC-00054,Grants Manager,a.ferro353@saltmarsh.example.org,(912) 555-3353,Brunswick,GA,US
CE-CON-00355,Dmitri,Ostrander,CE-ACC-00055,Executive Director,d.ostrander354@driftline.example.org,(912) 555-3354,Gulfport,MS,US
CE-CON-00356,Greta,Hargrove,CE-ACC-00056,CSR Lead,g.hargrove355@pelican.example.org,(912) 555-3355,Pensacola,FL,US
CE-CON-00357,Jasper,Salinas,CE-ACC-00057,Development Director,j.salinas356@mangrove.example.org,(912) 555-3356,New Bedford,MA,US
CE-CON-00358,Mercedes,Aldridge,CE-ACC-00058,Board Liaison,m.aldridge357@barrier.example.org,(912) 555-3357,Portland,ME,US
CE-CON-00359,Pierce,Huxley,CE-ACC-00059,Finance Manager,p.huxley358@longshore.example.org,(912) 555-3358,Galveston,TX,US
CE-CON-00360,Aisha,Nguyen,CE-ACC-00060,Partnerships Lead,a.nguyen359@keel.example.org,(912) 555-3359,Biloxi,MS,US
CE-CON-00361,Carlos,Reyes,CE-ACC-00061,Program Officer,c.reyes360@osprey.example.org,(912) 555-3360,Beaufort,SC,US
CE-CON-00362,Sofia,Mendez,CE-ACC-00062,Grants Manager,s.mendez361@brackish.example.org,(912) 555-3361,Key West,FL,US
CE-CON-00363,Marcus,Lockhart,CE-ACC-00063,Executive Director,m.lockhart362@highwater.example.org,(912) 555-3362,Newport,RI,US
CE-CON-00364,Grace,Ashby,CE-ACC-00064,CSR Lead,g.ashby363@harbor.example.org,(912) 555-3363,Savannah,GA,US
CE-CON-00365,Luis,Norwood,CE-ACC-00065,Development Director,l.norwood364@bluewave.example.org,(912) 555-3364,Charleston,SC,US
CE-CON-00366,Dana,Villanueva,CE-ACC-00066,Board Liaison,d.villanueva365@seagate.example.org,(912) 555-3365,Jacksonville,FL,US
CE-CON-00367,Sam,Dunmore,CE-ACC-00067,Finance Manager,s.dunmore366@atlantic.example.org,(912) 555-3366,Mobile,AL,US
CE-CON-00368,Iris,Alvarez,CE-ACC-00068,Partnerships Lead,i.alvarez367@coastal.example.org,(912) 555-3367,Wilmington,NC,US
CE-CON-00369,Hector,Kim,CE-ACC-00069,Program Officer,h.kim368@port.example.org,(912) 555-3368,Norfolk,VA,US
CE-CON-00370,Bianca,Delgado,CE-ACC-00070,Grants Manager,b.delgado369@estuary.example.org,(912) 555-3369,Brunswick,GA,US
CE-CON-00371,Reuben,Holt,CE-ACC-00071,Executive Director,r.holt370@tidewater.example.org,(912) 555-3370,Gulfport,MS,US
CE-CON-00372,Uma,Camacho,CE-ACC-00072,CSR Lead,u.camacho371@meridian.example.org,(912) 555-3371,Pensacola,FL,US
CE-CON-00373,Xavier,Duval,CE-ACC-00073,Development Director,x.duval372@anchor.example.org,(912) 555-3372,New Bedford,MA,US
CE-CON-00374,Adele,Rousseau,CE-ACC-00074,Board Liaison,a.rousseau373@gulfstream.example.org,(912) 555-3373,Portland,ME,US
CE-CON-00375,Dmitri,Zamora,CE-ACC-00075,Finance Manager,d.zamora374@beacon.example.org,(912) 555-3374,Galveston,TX,US
CE-CON-00376,Greta,Godfrey,CE-ACC-00076,Partnerships Lead,g.godfrey375@crescent.example.org,(912) 555-3375,Biloxi,MS,US
CE-CON-00377,Jasper,Miller,CE-ACC-00077,Program Officer,j.miller376@windward.example.org,(912) 555-3376,Beaufort,SC,US
CE-CON-00378,Mercedes,Foster,CE-ACC-00078,Grants Manager,m.foster377@coquina.example.org,(912) 555-3377,Key West,FL,US
CE-CON-00379,Pierce,Cole,CE-ACC-00079,Executive Director,p.cole378@halyard.example.org,(912) 555-3378,Newport,RI,US
CE-CON-00380,Aisha,Bishop,CE-ACC-00080,CSR Lead,a.bishop379@sound.example.org,(912) 555-3379,Savannah,GA,US
CE-CON-00381,Carlos,Kowalski,CE-ACC-00081,Development Director,c.kowalski380@bayou.example.org,(912) 555-3380,Charleston,SC,US
CE-CON-00382,Sofia,Mbeki,CE-ACC-00082,Board Liaison,s.mbeki381@delta.example.org,(912) 555-3381,Jacksonville,FL,US
CE-CON-00383,Marcus,Umber,CE-ACC-00083,Finance Manager,m.umber382@tidepool.example.org,(912) 555-3382,Mobile,AL,US
CE-CON-00384,Grace,Crowe,CE-ACC-00084,Partnerships Lead,g.crowe383@saltmarsh.example.org,(912) 555-3383,Wilmington,NC,US
CE-CON-00385,Luis,Joubert,CE-ACC-00085,Program Officer,l.joubert384@driftline.example.org,(912) 555-3384,Norfolk,VA,US
CE-CON-00386,Dana,Brooks,CE-ACC-00086,Grants Manager,d.brooks385@pelican.example.org,(912) 555-3385,Brunswick,GA,US
CE-CON-00387,Sam,Grant,CE-ACC-00087,Executive Director,s.grant386@mangrove.example.org,(912) 555-3386,Gulfport,MS,US
CE-CON-00388,Iris,Vance,CE-ACC-00088,CSR Lead,i.vance387@barrier.example.org,(912) 555-3387,Pensacola,FL,US
CE-CON-00389,Hector,Whitfield,CE-ACC-00089,Development Director,h.whitfield388@longshore.example.org,(912) 555-3388,New Bedford,MA,US
CE-CON-00390,Bianca,Soto,CE-ACC-00090,Board Liaison,b.soto389@keel.example.org,(912) 555-3389,Portland,ME,US
CE-CON-00391,Reuben,Quimby,CE-ACC-00091,Finance Manager,r.quimby390@osprey.example.org,(912) 555-3390,Galveston,TX,US
CE-CON-00392,Uma,Yoder,CE-ACC-00092,Partnerships Lead,u.yoder391@brackish.example.org,(912) 555-3391,Biloxi,MS,US
CE-CON-00393,Xavier,Falk,CE-ACC-00093,Program Officer,x.falk392@highwater.example.org,(912) 555-3392,Beaufort,SC,US
CE-CON-00394,Adele,Okafor,CE-ACC-00094,Grants Manager,a.okafor393@harbor.example.org,(912) 555-3393,Key West,FL,US
CE-CON-00395,Dmitri,Walsh,CE-ACC-00095,Executive Director,d.walsh394@bluewave.example.org,(912) 555-3394,Newport,RI,US
CE-CON-00396,Greta,Iwu,CE-ACC-00096,CSR Lead,g.iwu395@seagate.example.org,(912) 555-3395,Savannah,GA,US
CE-CON-00397,Jasper,Quinn,CE-ACC-00097,Development Director,j.quinn396@atlantic.example.org,(912) 555-3396,Charleston,SC,US
CE-CON-00398,Mercedes,Beaulieu,CE-ACC-00098,Board Liaison,m.beaulieu397@coastal.example.org,(912) 555-3397,Jacksonville,FL,US
CE-CON-00399,Pierce,Ling,CE-ACC-00099,Finance Manager,p.ling398@port.example.org,(912) 555-3398,Mobile,AL,US
CE-CON-00400,Aisha,Tibbets,CE-ACC-00100,Partnerships Lead,a.tibbets399@estuary.example.org,(912) 555-3399,Wilmington,NC,US
CE-CON-00401,Carlos,Bassett,CE-ACC-00101,Program Officer,c.bassett400@tidewater.example.org,(912) 555-3400,Norfolk,VA,US
CE-CON-00402,Sofia,Ingles,CE-ACC-00102,Grants Manager,s.ingles401@meridian.example.org,(912) 555-3401,Brunswick,GA,US
CE-CON-00403,Marcus,Patel,CE-ACC-00103,Executive Director,m.patel402@anchor.example.org,(912) 555-3402,Gulfport,MS,US
CE-CON-00404,Grace,Osei,CE-ACC-00104,CSR Lead,g.osei403@gulfstream.example.org,(912) 555-3403,Pensacola,FL,US
CE-CON-00405,Luis,Sharp,CE-ACC-00105,Development Director,l.sharp404@beacon.example.org,(912) 555-3404,New Bedford,MA,US
CE-CON-00406,Dana,Trudeau,CE-ACC-00106,Board Liaison,d.trudeau405@crescent.example.org,(912) 555-3405,Portland,ME,US
CE-CON-00407,Sam,Renner,CE-ACC-00107,Finance Manager,s.renner406@windward.example.org,(912) 555-3406,Galveston,TX,US
CE-CON-00408,Iris,Petrov,CE-ACC-00108,Partnerships Lead,i.petrov407@coquina.example.org,(912) 555-3407,Biloxi,MS,US
CE-CON-00409,Hector,Wexler,CE-ACC-00109,Program Officer,h.wexler408@halyard.example.org,(912) 555-3408,Beaufort,SC,US
CE-CON-00410,Bianca,Ellery,CE-ACC-00110,Grants Manager,b.ellery409@sound.example.org,(912) 555-3409,Key West,FL,US
CE-CON-00411,Reuben,Chen,CE-ACC-00111,Executive Director,r.chen410@bayou.example.org,(912) 555-3410,Newport,RI,US
CE-CON-00412,Uma,Torres,CE-ACC-00112,CSR Lead,u.torres411@delta.example.org,(912) 555-3411,Savannah,GA,US
CE-CON-00413,Xavier,Barnes,CE-ACC-00113,Development Director,x.barnes412@tidepool.example.org,(912) 555-3412,Charleston,SC,US
CE-CON-00414,Adele,Ferro,CE-ACC-00114,Board Liaison,a.ferro413@saltmarsh.example.org,(912) 555-3413,Jacksonville,FL,US
CE-CON-00415,Dmitri,Ostrander,CE-ACC-00115,Finance Manager,d.ostrander414@driftline.example.org,(912) 555-3414,Mobile,AL,US
CE-CON-00416,Greta,Hargrove,CE-ACC-00116,Partnerships Lead,g.hargrove415@pelican.example.org,(912) 555-3415,Wilmington,NC,US
CE-CON-00417,Jasper,Salinas,CE-ACC-00117,Program Officer,j.salinas416@mangrove.example.org,(912) 555-3416,Norfolk,VA,US
CE-CON-00418,Mercedes,Aldridge,CE-ACC-00118,Grants Manager,m.aldridge417@barrier.example.org,(912) 555-3417,Brunswick,GA,US
CE-CON-00419,Pierce,Huxley,CE-ACC-00119,Executive Director,p.huxley418@longshore.example.org,(912) 555-3418,Gulfport,MS,US
CE-CON-00420,Aisha,Nguyen,CE-ACC-00120,CSR Lead,a.nguyen419@keel.example.org,(912) 555-3419,Pensacola,FL,US
CE-CON-00421,Carlos,Reyes,CE-ACC-00121,Development Director,c.reyes420@osprey.example.org,(912) 555-3420,New Bedford,MA,US
CE-CON-00422,Sofia,Mendez,CE-ACC-00122,Board Liaison,s.mendez421@brackish.example.org,(912) 555-3421,Portland,ME,US
CE-CON-00423,Marcus,Lockhart,CE-ACC-00123,Finance Manager,m.lockhart422@highwater.example.org,(912) 555-3422,Galveston,TX,US
CE-CON-00424,Grace,Ashby,CE-ACC-00124,Partnerships Lead,g.ashby423@harbor.example.org,(912) 555-3423,Biloxi,MS,US
CE-CON-00425,Luis,Norwood,CE-ACC-00125,Program Officer,l.norwood424@bluewave.example.org,(912) 555-3424,Beaufort,SC,US
CE-CON-00426,Dana,Villanueva,CE-ACC-00126,Grants Manager,d.villanueva425@seagate.example.org,(912) 555-3425,Key West,FL,US
CE-CON-00427,Sam,Dunmore,CE-ACC-00127,Executive Director,s.dunmore426@atlantic.example.org,(912) 555-3426,Newport,RI,US
CE-CON-00428,Iris,Alvarez,CE-ACC-00128,CSR Lead,i.alvarez427@coastal.example.org,(912) 555-3427,Savannah,GA,US
CE-CON-00429,Hector,Kim,CE-ACC-00129,Development Director,h.kim428@port.example.org,(912) 555-3428,Charleston,SC,US
CE-CON-00430,Bianca,Delgado,CE-ACC-00130,Board Liaison,b.delgado429@estuary.example.org,(912) 555-3429,Jacksonville,FL,US
CE-CON-00431,Reuben,Holt,CE-ACC-00131,Finance Manager,r.holt430@tidewater.example.org,(912) 555-3430,Mobile,AL,US
CE-CON-00432,Uma,Camacho,CE-ACC-00132,Partnerships Lead,u.camacho431@meridian.example.org,(912) 555-3431,Wilmington,NC,US
CE-CON-00433,Xavier,Duval,CE-ACC-00133,Program Officer,x.duval432@anchor.example.org,(912) 555-3432,Norfolk,VA,US
CE-CON-00434,Adele,Rousseau,CE-ACC-00134,Grants Manager,a.rousseau433@gulfstream.example.org,(912) 555-3433,Brunswick,GA,US
CE-CON-00435,Dmitri,Zamora,CE-ACC-00135,Executive Director,d.zamora434@beacon.example.org,(912) 555-3434,Gulfport,MS,US
CE-CON-00436,Greta,Godfrey,CE-ACC-00136,CSR Lead,g.godfrey435@crescent.example.org,(912) 555-3435,Pensacola,FL,US
CE-CON-00437,Jasper,Miller,CE-ACC-00137,Development Director,j.miller436@windward.example.org,(912) 555-3436,New Bedford,MA,US
CE-CON-00438,Mercedes,Foster,CE-ACC-00138,Board Liaison,m.foster437@coquina.example.org,(912) 555-3437,Portland,ME,US
CE-CON-00439,Pierce,Cole,CE-ACC-00139,Finance Manager,p.cole438@halyard.example.org,(912) 555-3438,Galveston,TX,US
CE-CON-00440,Aisha,Bishop,CE-ACC-00140,Partnerships Lead,a.bishop439@sound.example.org,(912) 555-3439,Biloxi,MS,US
CE-CON-00441,Carlos,Kowalski,CE-ACC-00141,Program Officer,c.kowalski440@bayou.example.org,(912) 555-3440,Beaufort,SC,US
CE-CON-00442,Sofia,Mbeki,CE-ACC-00142,Grants Manager,s.mbeki441@delta.example.org,(912) 555-3441,Key West,FL,US
CE-CON-00443,Marcus,Umber,CE-ACC-00143,Executive Director,m.umber442@tidepool.example.org,(912) 555-3442,Newport,RI,US
CE-CON-00444,Grace,Crowe,CE-ACC-00144,CSR Lead,g.crowe443@saltmarsh.example.org,(912) 555-3443,Savannah,GA,US
CE-CON-00445,Luis,Joubert,CE-ACC-00145,Development Director,l.joubert444@driftline.example.org,(912) 555-3444,Charleston,SC,US
CE-CON-00446,Dana,Brooks,CE-ACC-00146,Board Liaison,d.brooks445@pelican.example.org,(912) 555-3445,Jacksonville,FL,US
CE-CON-00447,Sam,Grant,CE-ACC-00147,Finance Manager,s.grant446@mangrove.example.org,(912) 555-3446,Mobile,AL,US
CE-CON-00448,Iris,Vance,CE-ACC-00148,Partnerships Lead,i.vance447@barrier.example.org,(912) 555-3447,Wilmington,NC,US
CE-CON-00449,Hector,Whitfield,CE-ACC-00149,Program Officer,h.whitfield448@longshore.example.org,(912) 555-3448,Norfolk,VA,US
CE-CON-00450,Bianca,Soto,CE-ACC-00150,Grants Manager,b.soto449@keel.example.org,(912) 555-3449,Brunswick,GA,US
CE-CON-00451,Reuben,Quimby,CE-ACC-00151,Executive Director,r.quimby450@osprey.example.org,(912) 555-3450,Gulfport,MS,US
CE-CON-00452,Uma,Yoder,CE-ACC-00152,CSR Lead,u.yoder451@brackish.example.org,(912) 555-3451,Pensacola,FL,US
CE-CON-00453,Xavier,Falk,CE-ACC-00153,Development Director,x.falk452@highwater.example.org,(912) 555-3452,New Bedford,MA,US
CE-CON-00454,Adele,Okafor,CE-ACC-00154,Board Liaison,a.okafor453@harbor.example.org,(912) 555-3453,Portland,ME,US
CE-CON-00455,Dmitri,Walsh,CE-ACC-00155,Finance Manager,d.walsh454@bluewave.example.org,(912) 555-3454,Galveston,TX,US
CE-CON-00456,Greta,Iwu,CE-ACC-00156,Partnerships Lead,g.iwu455@seagate.example.org,(912) 555-3455,Biloxi,MS,US
CE-CON-00457,Jasper,Quinn,CE-ACC-00157,Program Officer,j.quinn456@atlantic.example.org,(912) 555-3456,Beaufort,SC,US
CE-CON-00458,Mercedes,Beaulieu,CE-ACC-00158,Grants Manager,m.beaulieu457@coastal.example.org,(912) 555-3457,Key West,FL,US
CE-CON-00459,Pierce,Ling,CE-ACC-00159,Executive Director,p.ling458@port.example.org,(912) 555-3458,Newport,RI,US
CE-CON-00460,Aisha,Tibbets,CE-ACC-00160,CSR Lead,a.tibbets459@estuary.example.org,(912) 555-3459,Savannah,GA,US
CE-CON-00461,Carlos,Bassett,CE-ACC-00161,Development Director,c.bassett460@tidewater.example.org,(912) 555-3460,Charleston,SC,US
CE-CON-00462,Sofia,Ingles,CE-ACC-00162,Board Liaison,s.ingles461@meridian.example.org,(912) 555-3461,Jacksonville,FL,US
CE-CON-00463,Marcus,Patel,CE-ACC-00163,Finance Manager,m.patel462@anchor.example.org,(912) 555-3462,Mobile,AL,US
CE-CON-00464,Grace,Osei,CE-ACC-00164,Partnerships Lead,g.osei463@gulfstream.example.org,(912) 555-3463,Wilmington,NC,US
CE-CON-00465,Luis,Sharp,CE-ACC-00165,Program Officer,l.sharp464@beacon.example.org,(912) 555-3464,Norfolk,VA,US
CE-CON-00466,Dana,Trudeau,CE-ACC-00166,Grants Manager,d.trudeau465@crescent.example.org,(912) 555-3465,Brunswick,GA,US
CE-CON-00467,Sam,Renner,CE-ACC-00167,Executive Director,s.renner466@windward.example.org,(912) 555-3466,Gulfport,MS,US
CE-CON-00468,Iris,Petrov,CE-ACC-00168,CSR Lead,i.petrov467@coquina.example.org,(912) 555-3467,Pensacola,FL,US
CE-CON-00469,Hector,Wexler,CE-ACC-00169,Development Director,h.wexler468@halyard.example.org,(912) 555-3468,New Bedford,MA,US
CE-CON-00470,Bianca,Ellery,CE-ACC-00170,Board Liaison,b.ellery469@sound.example.org,(912) 555-3469,Portland,ME,US
CE-CON-00471,Reuben,Chen,CE-ACC-00171,Finance Manager,r.chen470@bayou.example.org,(912) 555-3470,Galveston,TX,US
CE-CON-00472,Uma,Torres,CE-ACC-00172,Partnerships Lead,u.torres471@delta.example.org,(912) 555-3471,Biloxi,MS,US
CE-CON-00473,Xavier,Barnes,CE-ACC-00173,Program Officer,x.barnes472@tidepool.example.org,(912) 555-3472,Beaufort,SC,US
CE-CON-00474,Adele,Ferro,CE-ACC-00174,Grants Manager,a.ferro473@saltmarsh.example.org,(912) 555-3473,Key West,FL,US
CE-CON-00475,Dmitri,Ostrander,CE-ACC-00175,Executive Director,d.ostrander474@driftline.example.org,(912) 555-3474,Newport,RI,US
CE-CON-00476,Greta,Hargrove,CE-ACC-00176,CSR Lead,g.hargrove475@pelican.example.org,(912) 555-3475,Savannah,GA,US
CE-CON-00477,Jasper,Salinas,CE-ACC-00177,Development Director,j.salinas476@mangrove.example.org,(912) 555-3476,Charleston,SC,US
CE-CON-00478,Mercedes,Aldridge,CE-ACC-00178,Board Liaison,m.aldridge477@barrier.example.org,(912) 555-3477,Jacksonville,FL,US
CE-CON-00479,Pierce,Huxley,CE-ACC-00179,Finance Manager,p.huxley478@longshore.example.org,(912) 555-3478,Mobile,AL,US
CE-CON-00480,Aisha,Nguyen,CE-ACC-00180,Partnerships Lead,a.nguyen479@keel.example.org,(912) 555-3479,Wilmington,NC,US
CE-CON-00481,Carlos,Reyes,CE-ACC-00181,Program Officer,c.reyes480@osprey.example.org,(912) 555-3480,Norfolk,VA,US
CE-CON-00482,Sofia,Mendez,CE-ACC-00182,Grants Manager,s.mendez481@brackish.example.org,(912) 555-3481,Brunswick,GA,US
CE-CON-00483,Marcus,Lockhart,CE-ACC-00183,Executive Director,m.lockhart482@highwater.example.org,(912) 555-3482,Gulfport,MS,US
CE-CON-00484,Grace,Ashby,CE-ACC-00184,CSR Lead,g.ashby483@harbor.example.org,(912) 555-3483,Pensacola,FL,US
CE-CON-00485,Luis,Norwood,CE-ACC-00185,Development Director,l.norwood484@bluewave.example.org,(912) 555-3484,New Bedford,MA,US
CE-CON-00486,Dana,Villanueva,CE-ACC-00186,Board Liaison,d.villanueva485@seagate.example.org,(912) 555-3485,Portland,ME,US
CE-CON-00487,Sam,Dunmore,CE-ACC-00187,Finance Manager,s.dunmore486@atlantic.example.org,(912) 555-3486,Galveston,TX,US
CE-CON-00488,Iris,Alvarez,CE-ACC-00188,Partnerships Lead,i.alvarez487@coastal.example.org,(912) 555-3487,Biloxi,MS,US
CE-CON-00489,Hector,Kim,CE-ACC-00189,Program Officer,h.kim488@port.example.org,(912) 555-3488,Beaufort,SC,US
CE-CON-00490,Bianca,Delgado,CE-ACC-00190,Grants Manager,b.delgado489@estuary.example.org,(912) 555-3489,Key West,FL,US
CE-CON-00491,Reuben,Holt,CE-ACC-00191,Executive Director,r.holt490@tidewater.example.org,(912) 555-3490,Newport,RI,US
CE-CON-00492,Uma,Camacho,CE-ACC-00192,CSR Lead,u.camacho491@meridian.example.org,(912) 555-3491,Savannah,GA,US
CE-CON-00493,Xavier,Duval,CE-ACC-00193,Development Director,x.duval492@anchor.example.org,(912) 555-3492,Charleston,SC,US
CE-CON-00494,Adele,Rousseau,CE-ACC-00194,Board Liaison,a.rousseau493@gulfstream.example.org,(912) 555-3493,Jacksonville,FL,US
CE-CON-00495,Dmitri,Zamora,CE-ACC-00195,Finance Manager,d.zamora494@beacon.example.org,(912) 555-3494,Mobile,AL,US
CE-CON-00496,Greta,Godfrey,CE-ACC-00196,Partnerships Lead,g.godfrey495@crescent.example.org,(912) 555-3495,Wilmington,NC,US
CE-CON-00497,Jasper,Miller,CE-ACC-00197,Program Officer,j.miller496@windward.example.org,(912) 555-3496,Norfolk,VA,US
CE-CON-00498,Mercedes,Foster,CE-ACC-00198,Grants Manager,m.foster497@coquina.example.org,(912) 555-3497,Brunswick,GA,US
CE-CON-00499,Pierce,Cole,CE-ACC-00199,Executive Director,p.cole498@halyard.example.org,(912) 555-3498,Gulfport,MS,US
CE-CON-00500,Aisha,Bishop,CE-ACC-00200,CSR Lead,a.bishop499@sound.example.org,(912) 555-3499,Pensacola,FL,US
CE-CON-00501,Carlos,Kowalski,CE-ACC-00201,Development Director,c.kowalski500@bayou.example.org,(912) 555-3500,New Bedford,MA,US
CE-CON-00502,Sofia,Mbeki,CE-ACC-00202,Board Liaison,s.mbeki501@delta.example.org,(912) 555-3501,Portland,ME,US
CE-CON-00503,Marcus,Umber,CE-ACC-00203,Finance Manager,m.umber502@tidepool.example.org,(912) 555-3502,Galveston,TX,US
CE-CON-00504,Grace,Crowe,CE-ACC-00204,Partnerships Lead,g.crowe503@saltmarsh.example.org,(912) 555-3503,Biloxi,MS,US
CE-CON-00505,Luis,Joubert,CE-ACC-00205,Program Officer,l.joubert504@driftline.example.org,(912) 555-3504,Beaufort,SC,US
CE-CON-00506,Dana,Brooks,CE-ACC-00206,Grants Manager,d.brooks505@pelican.example.org,(912) 555-3505,Key West,FL,US
CE-CON-00507,Sam,Grant,CE-ACC-00207,Executive Director,s.grant506@mangrove.example.org,(912) 555-3506,Newport,RI,US
CE-CON-00508,Iris,Vance,CE-ACC-00208,CSR Lead,i.vance507@barrier.example.org,(912) 555-3507,Savannah,GA,US
CE-CON-00509,Hector,Whitfield,CE-ACC-00209,Development Director,h.whitfield508@longshore.example.org,(912) 555-3508,Charleston,SC,US
CE-CON-00510,Bianca,Soto,CE-ACC-00210,Board Liaison,b.soto509@keel.example.org,(912) 555-3509,Jacksonville,FL,US
CE-CON-00511,Reuben,Quimby,CE-ACC-00211,Finance Manager,r.quimby510@osprey.example.org,(912) 555-3510,Mobile,AL,US
CE-CON-00512,Uma,Yoder,CE-ACC-00212,Partnerships Lead,u.yoder511@brackish.example.org,(912) 555-3511,Wilmington,NC,US
CE-CON-00513,Xavier,Falk,CE-ACC-00213,Program Officer,x.falk512@highwater.example.org,(912) 555-3512,Norfolk,VA,US
CE-CON-00514,Adele,Okafor,CE-ACC-00214,Grants Manager,a.okafor513@harbor.example.org,(912) 555-3513,Brunswick,GA,US
CE-CON-00515,Dmitri,Walsh,CE-ACC-00215,Executive Director,d.walsh514@bluewave.example.org,(912) 555-3514,Gulfport,MS,US
CE-CON-00516,Greta,Iwu,CE-ACC-00216,CSR Lead,g.iwu515@seagate.example.org,(912) 555-3515,Pensacola,FL,US
CE-CON-00517,Jasper,Quinn,CE-ACC-00217,Development Director,j.quinn516@atlantic.example.org,(912) 555-3516,New Bedford,MA,US
CE-CON-00518,Mercedes,Beaulieu,CE-ACC-00218,Board Liaison,m.beaulieu517@coastal.example.org,(912) 555-3517,Portland,ME,US
CE-CON-00519,Pierce,Ling,CE-ACC-00219,Finance Manager,p.ling518@port.example.org,(912) 555-3518,Galveston,TX,US
CE-CON-00520,Aisha,Tibbets,CE-ACC-00220,Partnerships Lead,a.tibbets519@estuary.example.org,(912) 555-3519,Biloxi,MS,US
CE-CON-00521,Carlos,Bassett,CE-ACC-00221,Program Officer,c.bassett520@tidewater.example.org,(912) 555-3520,Beaufort,SC,US
CE-CON-00522,Sofia,Ingles,CE-ACC-00222,Grants Manager,s.ingles521@meridian.example.org,(912) 555-3521,Key West,FL,US
CE-CON-00523,Marcus,Patel,CE-ACC-00223,Executive Director,m.patel522@anchor.example.org,(912) 555-3522,Newport,RI,US
CE-CON-00524,Grace,Osei,CE-ACC-00224,CSR Lead,g.osei523@gulfstream.example.org,(912) 555-3523,Savannah,GA,US
CE-CON-00525,Luis,Sharp,CE-ACC-00225,Development Director,l.sharp524@beacon.example.org,(912) 555-3524,Charleston,SC,US
CE-CON-00526,Dana,Trudeau,CE-ACC-00226,Board Liaison,d.trudeau525@crescent.example.org,(912) 555-3525,Jacksonville,FL,US
CE-CON-00527,Sam,Renner,CE-ACC-00227,Finance Manager,s.renner526@windward.example.org,(912) 555-3526,Mobile,AL,US
CE-CON-00528,Iris,Petrov,CE-ACC-00228,Partnerships Lead,i.petrov527@coquina.example.org,(912) 555-3527,Wilmington,NC,US
CE-CON-00529,Hector,Wexler,CE-ACC-00229,Program Officer,h.wexler528@halyard.example.org,(912) 555-3528,Norfolk,VA,US
CE-CON-00530,Bianca,Ellery,CE-ACC-00230,Grants Manager,b.ellery529@sound.example.org,(912) 555-3529,Brunswick,GA,US
CE-CON-00531,Reuben,Chen,CE-ACC-00231,Executive Director,r.chen530@bayou.example.org,(912) 555-3530,Gulfport,MS,US
CE-CON-00532,Uma,Torres,CE-ACC-00232,CSR Lead,u.torres531@delta.example.org,(912) 555-3531,Pensacola,FL,US
CE-CON-00533,Xavier,Barnes,CE-ACC-00233,Development Director,x.barnes532@tidepool.example.org,(912) 555-3532,New Bedford,MA,US
CE-CON-00534,Adele,Ferro,CE-ACC-00234,Board Liaison,a.ferro533@saltmarsh.example.org,(912) 555-3533,Portland,ME,US
CE-CON-00535,Dmitri,Ostrander,CE-ACC-00235,Finance Manager,d.ostrander534@driftline.example.org,(912) 555-3534,Galveston,TX,US
CE-CON-00536,Greta,Hargrove,CE-ACC-00236,Partnerships Lead,g.hargrove535@pelican.example.org,(912) 555-3535,Biloxi,MS,US
CE-CON-00537,Jasper,Salinas,CE-ACC-00237,Program Officer,j.salinas536@mangrove.example.org,(912) 555-3536,Beaufort,SC,US
CE-CON-00538,Mercedes,Aldridge,CE-ACC-00238,Grants Manager,m.aldridge537@barrier.example.org,(912) 555-3537,Key West,FL,US
CE-CON-00539,Pierce,Huxley,CE-ACC-00239,Executive Director,p.huxley538@longshore.example.org,(912) 555-3538,Newport,RI,US
CE-CON-00540,Aisha,Nguyen,CE-ACC-00240,CSR Lead,a.nguyen539@keel.example.org,(912) 555-3539,Savannah,GA,US
CE-CON-00541,Carlos,Reyes,CE-ACC-00241,Development Director,c.reyes540@osprey.example.org,(912) 555-3540,Charleston,SC,US
CE-CON-00542,Sofia,Mendez,CE-ACC-00242,Board Liaison,s.mendez541@brackish.example.org,(912) 555-3541,Jacksonville,FL,US
CE-CON-00543,Marcus,Lockhart,CE-ACC-00243,Finance Manager,m.lockhart542@highwater.example.org,(912) 555-3542,Mobile,AL,US
CE-CON-00544,Grace,Ashby,CE-ACC-00244,Partnerships Lead,g.ashby543@harbor.example.org,(912) 555-3543,Wilmington,NC,US
CE-CON-00545,Luis,Norwood,CE-ACC-00245,Program Officer,l.norwood544@bluewave.example.org,(912) 555-3544,Norfolk,VA,US
CE-CON-00546,Dana,Villanueva,CE-ACC-00246,Grants Manager,d.villanueva545@seagate.example.org,(912) 555-3545,Brunswick,GA,US
CE-CON-00547,Sam,Dunmore,CE-ACC-00247,Executive Director,s.dunmore546@atlantic.example.org,(912) 555-3546,Gulfport,MS,US
CE-CON-00548,Iris,Alvarez,CE-ACC-00248,CSR Lead,i.alvarez547@coastal.example.org,(912) 555-3547,Pensacola,FL,US
CE-CON-00549,Hector,Kim,CE-ACC-00249,Development Director,h.kim548@port.example.org,(912) 555-3548,New Bedford,MA,US
CE-CON-00550,Bianca,Delgado,CE-ACC-00250,Board Liaison,b.delgado549@estuary.example.org,(912) 555-3549,Portland,ME,US
CE-CON-00551,Reuben,Holt,CE-ACC-00251,Finance Manager,r.holt550@tidewater.example.org,(912) 555-3550,Galveston,TX,US
CE-CON-00552,Uma,Camacho,CE-ACC-00252,Partnerships Lead,u.camacho551@meridian.example.org,(912) 555-3551,Biloxi,MS,US
CE-CON-00553,Xavier,Duval,CE-ACC-00253,Program Officer,x.duval552@anchor.example.org,(912) 555-3552,Beaufort,SC,US
CE-CON-00554,Adele,Rousseau,CE-ACC-00254,Grants Manager,a.rousseau553@gulfstream.example.org,(912) 555-3553,Key West,FL,US
CE-CON-00555,Dmitri,Zamora,CE-ACC-00255,Executive Director,d.zamora554@beacon.example.org,(912) 555-3554,Newport,RI,US
CE-CON-00556,Greta,Godfrey,CE-ACC-00256,CSR Lead,g.godfrey555@crescent.example.org,(912) 555-3555,Savannah,GA,US
CE-CON-00557,Jasper,Miller,CE-ACC-00257,Development Director,j.miller556@windward.example.org,(912) 555-3556,Charleston,SC,US
CE-CON-00558,Mercedes,Foster,CE-ACC-00258,Board Liaison,m.foster557@coquina.example.org,(912) 555-3557,Jacksonville,FL,US
CE-CON-00559,Pierce,Cole,CE-ACC-00259,Finance Manager,p.cole558@halyard.example.org,(912) 555-3558,Mobile,AL,US
CE-CON-00560,Aisha,Bishop,CE-ACC-00260,Partnerships Lead,a.bishop559@sound.example.org,(912) 555-3559,Wilmington,NC,US
CE-CON-00561,Carlos,Kowalski,CE-ACC-00261,Program Officer,c.kowalski560@bayou.example.org,(912) 555-3560,Norfolk,VA,US
CE-CON-00562,Sofia,Mbeki,CE-ACC-00262,Grants Manager,s.mbeki561@delta.example.org,(912) 555-3561,Brunswick,GA,US
CE-CON-00563,Marcus,Umber,CE-ACC-00263,Executive Director,m.umber562@tidepool.example.org,(912) 555-3562,Gulfport,MS,US
CE-CON-00564,Grace,Crowe,CE-ACC-00264,CSR Lead,g.crowe563@saltmarsh.example.org,(912) 555-3563,Pensacola,FL,US
CE-CON-00565,Luis,Joubert,CE-ACC-00265,Development Director,l.joubert564@driftline.example.org,(912) 555-3564,New Bedford,MA,US
CE-CON-00566,Dana,Brooks,CE-ACC-00266,Board Liaison,d.brooks565@pelican.example.org,(912) 555-3565,Portland,ME,US
CE-CON-00567,Sam,Grant,CE-ACC-00267,Finance Manager,s.grant566@mangrove.example.org,(912) 555-3566,Galveston,TX,US
CE-CON-00568,Iris,Vance,CE-ACC-00268,Partnerships Lead,i.vance567@barrier.example.org,(912) 555-3567,Biloxi,MS,US
CE-CON-00569,Hector,Whitfield,CE-ACC-00269,Program Officer,h.whitfield568@longshore.example.org,(912) 555-3568,Beaufort,SC,US
CE-CON-00570,Bianca,Soto,CE-ACC-00270,Grants Manager,b.soto569@keel.example.org,(912) 555-3569,Key West,FL,US
CE-CON-00571,Reuben,Quimby,CE-ACC-00271,Executive Director,r.quimby570@osprey.example.org,(912) 555-3570,Newport,RI,US
CE-CON-00572,Uma,Yoder,CE-ACC-00272,CSR Lead,u.yoder571@brackish.example.org,(912) 555-3571,Savannah,GA,US
CE-CON-00573,Xavier,Falk,CE-ACC-00273,Development Director,x.falk572@highwater.example.org,(912) 555-3572,Charleston,SC,US
CE-CON-00574,Adele,Okafor,CE-ACC-00274,Board Liaison,a.okafor573@harbor.example.org,(912) 555-3573,Jacksonville,FL,US
CE-CON-00575,Dmitri,Walsh,CE-ACC-00275,Finance Manager,d.walsh574@bluewave.example.org,(912) 555-3574,Mobile,AL,US
CE-CON-00576,Greta,Iwu,CE-ACC-00276,Partnerships Lead,g.iwu575@seagate.example.org,(912) 555-3575,Wilmington,NC,US
CE-CON-00577,Jasper,Quinn,CE-ACC-00277,Program Officer,j.quinn576@atlantic.example.org,(912) 555-3576,Norfolk,VA,US
CE-CON-00578,Mercedes,Beaulieu,CE-ACC-00278,Grants Manager,m.beaulieu577@coastal.example.org,(912) 555-3577,Brunswick,GA,US
CE-CON-00579,Pierce,Ling,CE-ACC-00279,Executive Director,p.ling578@port.example.org,(912) 555-3578,Gulfport,MS,US
CE-CON-00580,Aisha,Tibbets,CE-ACC-00280,CSR Lead,a.tibbets579@estuary.example.org,(912) 555-3579,Pensacola,FL,US
CE-CON-00581,Carlos,Bassett,CE-ACC-00281,Development Director,c.bassett580@tidewater.example.org,(912) 555-3580,New Bedford,MA,US
CE-CON-00582,Sofia,Ingles,CE-ACC-00282,Board Liaison,s.ingles581@meridian.example.org,(912) 555-3581,Portland,ME,US
CE-CON-00583,Marcus,Patel,CE-ACC-00283,Finance Manager,m.patel582@gulfstream.example.org,(912) 555-3582,Galveston,TX,US
CE-CON-00584,Grace,Osei,CE-ACC-00284,Partnerships Lead,g.osei583@beacon.example.org,(912) 555-3583,Biloxi,MS,US
CE-CON-00585,Luis,Sharp,CE-ACC-00285,Program Officer,l.sharp584@crescent.example.org,(912) 555-3584,Beaufort,SC,US
CE-CON-00586,Dana,Trudeau,CE-ACC-00286,Grants Manager,d.trudeau585@windward.example.org,(912) 555-3585,Key West,FL,US
CE-CON-00587,Sam,Renner,CE-ACC-00287,Executive Director,s.renner586@coquina.example.org,(912) 555-3586,Newport,RI,US
CE-CON-00588,Iris,Petrov,CE-ACC-00288,CSR Lead,i.petrov587@halyard.example.org,(912) 555-3587,Savannah,GA,US
CE-CON-00589,Hector,Wexler,CE-ACC-00289,Development Director,h.wexler588@sound.example.org,(912) 555-3588,Charleston,SC,US
CE-CON-00590,Bianca,Ellery,CE-ACC-00290,Board Liaison,b.ellery589@bayou.example.org,(912) 555-3589,Jacksonville,FL,US
CE-CON-00591,Reuben,Chen,CE-ACC-00291,Finance Manager,r.chen590@delta.example.org,(912) 555-3590,Mobile,AL,US
CE-CON-00592,Uma,Torres,CE-ACC-00292,Partnerships Lead,u.torres591@tidepool.example.org,(912) 555-3591,Wilmington,NC,US
CE-CON-00593,Xavier,Barnes,CE-ACC-00293,Program Officer,x.barnes592@saltmarsh.example.org,(912) 555-3592,Norfolk,VA,US
CE-CON-00594,Adele,Ferro,CE-ACC-00294,Grants Manager,a.ferro593@driftline.example.org,(912) 555-3593,Brunswick,GA,US
CE-CON-00595,Dmitri,Ostrander,CE-ACC-00295,Executive Director,d.ostrander594@pelican.example.org,(912) 555-3594,Gulfport,MS,US
CE-CON-00596,Greta,Hargrove,CE-ACC-00296,CSR Lead,g.hargrove595@mangrove.example.org,(912) 555-3595,Pensacola,FL,US
CE-CON-00597,Jasper,Salinas,CE-ACC-00297,Development Director,j.salinas596@barrier.example.org,(912) 555-3596,New Bedford,MA,US
CE-CON-00598,Mercedes,Aldridge,CE-ACC-00298,Board Liaison,m.aldridge597@longshore.example.org,(912) 555-3597,Portland,ME,US
CE-CON-00599,Pierce,Huxley,CE-ACC-00299,Finance Manager,p.huxley598@keel.example.org,(912) 555-3598,Galveston,TX,US
CE-CON-00600,Aisha,Nguyen,CE-ACC-00300,Partnerships Lead,a.nguyen599@osprey.example.org,(912) 555-3599,Biloxi,MS,US
CE-CON-00601,Carlos,Reyes,CE-ACC-00001,Program Officer,c.reyes600@harborlight.example.org,(912) 555-3600,Charleston,SC,US
CE-CON-00602,Sofia,Mendez,CE-ACC-00002,Grants Manager,s.mendez601@bluewave.example.org,(912) 555-3601,Jacksonville,FL,US
CE-CON-00603,Marcus,Lockhart,CE-ACC-00003,Executive Director,m.lockhart602@seagate.example.org,(912) 555-3602,Mobile,AL,US
CE-CON-00604,Grace,Ashby,CE-ACC-00004,CSR Lead,g.ashby603@atlantic.example.org,(912) 555-3603,Wilmington,NC,US
CE-CON-00605,Luis,Norwood,CE-ACC-00005,Development Director,l.norwood604@coastal.example.org,(912) 555-3604,Norfolk,VA,US
CE-CON-00606,Dana,Villanueva,CE-ACC-00006,Board Liaison,d.villanueva605@port.example.org,(912) 555-3605,Brunswick,GA,US
CE-CON-00607,Sam,Dunmore,CE-ACC-00007,Finance Manager,s.dunmore606@estuary.example.org,(912) 555-3606,Gulfport,MS,US
CE-CON-00608,Iris,Alvarez,CE-ACC-00008,Partnerships Lead,i.alvarez607@tidewater.example.org,(912) 555-3607,Pensacola,FL,US
CE-CON-00609,Hector,Kim,CE-ACC-00009,Program Officer,h.kim608@meridian.example.org,(912) 555-3608,New Bedford,MA,US
CE-CON-00610,Bianca,Delgado,CE-ACC-00010,Grants Manager,b.delgado609@anchor.example.org,(912) 555-3609,Portland,ME,US
CE-CON-00611,Reuben,Holt,CE-ACC-00011,Executive Director,r.holt610@gulfstream.example.org,(912) 555-3610,Galveston,TX,US
CE-CON-00612,Uma,Camacho,CE-ACC-00012,CSR Lead,u.camacho611@beacon.example.org,(912) 555-3611,Biloxi,MS,US
CE-CON-00613,Xavier,Duval,CE-ACC-00013,Development Director,x.duval612@harbor.example.org,(912) 555-3612,Beaufort,SC,US
CE-CON-00614,Adele,Rousseau,CE-ACC-00014,Board Liaison,a.rousseau613@anchor.example.org,(912) 555-3613,Key West,FL,US
CE-CON-00615,Dmitri,Zamora,CE-ACC-00015,Finance Manager,d.zamora614@gulfstream.example.org,(912) 555-3614,Newport,RI,US
CE-CON-00616,Greta,Godfrey,CE-ACC-00016,Partnerships Lead,g.godfrey615@beacon.example.org,(912) 555-3615,Savannah,GA,US
CE-CON-00617,Jasper,Miller,CE-ACC-00017,Program Officer,j.miller616@crescent.example.org,(912) 555-3616,Charleston,SC,US
CE-CON-00618,Mercedes,Foster,CE-ACC-00018,Grants Manager,m.foster617@windward.example.org,(912) 555-3617,Jacksonville,FL,US
CE-CON-00619,Pierce,Cole,CE-ACC-00019,Executive Director,p.cole618@coquina.example.org,(912) 555-3618,Mobile,AL,US
CE-CON-00620,Aisha,Bishop,CE-ACC-00020,CSR Lead,a.bishop619@halyard.example.org,(912) 555-3619,Wilmington,NC,US
CE-CON-00621,Carlos,Kowalski,CE-ACC-00021,Development Director,c.kowalski620@sound.example.org,(912) 555-3620,Norfolk,VA,US
CE-CON-00622,Sofia,Mbeki,CE-ACC-00022,Board Liaison,s.mbeki621@bayou.example.org,(912) 555-3621,Brunswick,GA,US
CE-CON-00623,Marcus,Umber,CE-ACC-00023,Finance Manager,m.umber622@delta.example.org,(912) 555-3622,Gulfport,MS,US
CE-CON-00624,Grace,Crowe,CE-ACC-00024,Partnerships Lead,g.crowe623@tidepool.example.org,(912) 555-3623,Pensacola,FL,US
CE-CON-00625,Luis,Joubert,CE-ACC-00025,Program Officer,l.joubert624@saltmarsh.example.org,(912) 555-3624,New Bedford,MA,US
CE-CON-00626,Dana,Brooks,CE-ACC-00026,Grants Manager,d.brooks625@driftline.example.org,(912) 555-3625,Portland,ME,US
CE-CON-00627,Sam,Grant,CE-ACC-00027,Executive Director,s.grant626@pelican.example.org,(912) 555-3626,Galveston,TX,US
CE-CON-00628,Iris,Vance,CE-ACC-00028,CSR Lead,i.vance627@mangrove.example.org,(912) 555-3627,Biloxi,MS,US
CE-CON-00629,Hector,Whitfield,CE-ACC-00029,Development Director,h.whitfield628@barrier.example.org,(912) 555-3628,Beaufort,SC,US
CE-CON-00630,Bianca,Soto,CE-ACC-00030,Board Liaison,b.soto629@longshore.example.org,(912) 555-3629,Key West,FL,US
CE-CON-00631,Reuben,Quimby,CE-ACC-00031,Finance Manager,r.quimby630@keel.example.org,(912) 555-3630,Newport,RI,US
CE-CON-00632,Uma,Yoder,CE-ACC-00032,Partnerships Lead,u.yoder631@osprey.example.org,(912) 555-3631,Savannah,GA,US
CE-CON-00633,Xavier,Falk,CE-ACC-00033,Program Officer,x.falk632@brackish.example.org,(912) 555-3632,Charleston,SC,US
CE-CON-00634,Adele,Okafor,CE-ACC-00034,Grants Manager,a.okafor633@highwater.example.org,(912) 555-3633,Jacksonville,FL,US
CE-CON-00635,Dmitri,Walsh,CE-ACC-00035,Executive Director,d.walsh634@harbor.example.org,(912) 555-3634,Mobile,AL,US
CE-CON-00636,Greta,Iwu,CE-ACC-00036,CSR Lead,g.iwu635@bluewave.example.org,(912) 555-3635,Wilmington,NC,US
CE-CON-00637,Jasper,Quinn,CE-ACC-00037,Development Director,j.quinn636@seagate.example.org,(912) 555-3636,Norfolk,VA,US
CE-CON-00638,Mercedes,Beaulieu,CE-ACC-00038,Board Liaison,m.beaulieu637@atlantic.example.org,(912) 555-3637,Brunswick,GA,US
CE-CON-00639,Pierce,Ling,CE-ACC-00039,Finance Manager,p.ling638@coastal.example.org,(912) 555-3638,Gulfport,MS,US
CE-CON-00640,Aisha,Tibbets,CE-ACC-00040,Partnerships Lead,a.tibbets639@port.example.org,(912) 555-3639,Pensacola,FL,US
CE-CON-00641,Carlos,Bassett,CE-ACC-00041,Program Officer,c.bassett640@estuary.example.org,(912) 555-3640,New Bedford,MA,US
CE-CON-00642,Sofia,Ingles,CE-ACC-00042,Grants Manager,s.ingles641@tidewater.example.org,(912) 555-3641,Portland,ME,US
CE-CON-00643,Marcus,Patel,CE-ACC-00043,Executive Director,m.patel642@meridian.example.org,(912) 555-3642,Galveston,TX,US
CE-CON-00644,Grace,Osei,CE-ACC-00044,CSR Lead,g.osei643@anchor.example.org,(912) 555-3643,Biloxi,MS,US
CE-CON-00645,Luis,Sharp,CE-ACC-00045,Development Director,l.sharp644@beacon.example.org,(912) 555-3644,Beaufort,SC,US
CE-CON-00646,Dana,Trudeau,CE-ACC-00046,Board Liaison,d.trudeau645@crescent.example.org,(912) 555-3645,Key West,FL,US
CE-CON-00647,Sam,Renner,CE-ACC-00047,Finance Manager,s.renner646@windward.example.org,(912) 555-3646,Newport,RI,US
CE-CON-00648,Iris,Petrov,CE-ACC-00048,Partnerships Lead,i.petrov647@coquina.example.org,(912) 555-3647,Savannah,GA,US
CE-CON-00649,Hector,Wexler,CE-ACC-00049,Program Officer,h.wexler648@halyard.example.org,(912) 555-3648,Charleston,SC,US
CE-CON-00650,Bianca,Ellery,CE-ACC-00050,Grants Manager,b.ellery649@sound.example.org,(912) 555-3649,Jacksonville,FL,US
CE-CON-00651,Reuben,Chen,CE-ACC-00051,Executive Director,r.chen650@bayou.example.org,(912) 555-3650,Mobile,AL,US
CE-CON-00652,Uma,Torres,CE-ACC-00052,CSR Lead,u.torres651@delta.example.org,(912) 555-3651,Wilmington,NC,US
CE-CON-00653,Xavier,Barnes,CE-ACC-00053,Development Director,x.barnes652@tidepool.example.org,(912) 555-3652,Norfolk,VA,US
CE-CON-00654,Adele,Ferro,CE-ACC-00054,Board Liaison,a.ferro653@saltmarsh.example.org,(912) 555-3653,Brunswick,GA,US
CE-CON-00655,Dmitri,Ostrander,CE-ACC-00055,Finance Manager,d.ostrander654@driftline.example.org,(912) 555-3654,Gulfport,MS,US
CE-CON-00656,Greta,Hargrove,CE-ACC-00056,Partnerships Lead,g.hargrove655@pelican.example.org,(912) 555-3655,Pensacola,FL,US
CE-CON-00657,Jasper,Salinas,CE-ACC-00057,Program Officer,j.salinas656@mangrove.example.org,(912) 555-3656,New Bedford,MA,US
CE-CON-00658,Mercedes,Aldridge,CE-ACC-00058,Grants Manager,m.aldridge657@barrier.example.org,(912) 555-3657,Portland,ME,US
CE-CON-00659,Pierce,Huxley,CE-ACC-00059,Executive Director,p.huxley658@longshore.example.org,(912) 555-3658,Galveston,TX,US
CE-CON-00660,Aisha,Nguyen,CE-ACC-00060,CSR Lead,a.nguyen659@keel.example.org,(912) 555-3659,Biloxi,MS,US
CE-CON-00661,Carlos,Reyes,CE-ACC-00061,Development Director,c.reyes660@osprey.example.org,(912) 555-3660,Beaufort,SC,US
CE-CON-00662,Sofia,Mendez,CE-ACC-00062,Board Liaison,s.mendez661@brackish.example.org,(912) 555-3661,Key West,FL,US
CE-CON-00663,Marcus,Lockhart,CE-ACC-00063,Finance Manager,m.lockhart662@highwater.example.org,(912) 555-3662,Newport,RI,US
CE-CON-00664,Grace,Ashby,CE-ACC-00064,Partnerships Lead,g.ashby663@harbor.example.org,(912) 555-3663,Savannah,GA,US
CE-CON-00665,Luis,Norwood,CE-ACC-00065,Program Officer,l.norwood664@bluewave.example.org,(912) 555-3664,Charleston,SC,US
CE-CON-00666,Dana,Villanueva,CE-ACC-00066,Grants Manager,d.villanueva665@seagate.example.org,(912) 555-3665,Jacksonville,FL,US
CE-CON-00667,Sam,Dunmore,CE-ACC-00067,Executive Director,s.dunmore666@atlantic.example.org,(912) 555-3666,Mobile,AL,US
CE-CON-00668,Iris,Alvarez,CE-ACC-00068,CSR Lead,i.alvarez667@coastal.example.org,(912) 555-3667,Wilmington,NC,US
CE-CON-00669,Hector,Kim,CE-ACC-00069,Development Director,h.kim668@port.example.org,(912) 555-3668,Norfolk,VA,US
CE-CON-00670,Bianca,Delgado,CE-ACC-00070,Board Liaison,b.delgado669@estuary.example.org,(912) 555-3669,Brunswick,GA,US
CE-CON-00671,Reuben,Holt,CE-ACC-00071,Finance Manager,r.holt670@tidewater.example.org,(912) 555-3670,Gulfport,MS,US
CE-CON-00672,Uma,Camacho,CE-ACC-00072,Partnerships Lead,u.camacho671@meridian.example.org,(912) 555-3671,Pensacola,FL,US
CE-CON-00673,Xavier,Duval,CE-ACC-00073,Program Officer,x.duval672@anchor.example.org,(912) 555-3672,New Bedford,MA,US
CE-CON-00674,Adele,Rousseau,CE-ACC-00074,Grants Manager,a.rousseau673@gulfstream.example.org,(912) 555-3673,Portland,ME,US
CE-CON-00675,Dmitri,Zamora,CE-ACC-00075,Executive Director,d.zamora674@beacon.example.org,(912) 555-3674,Galveston,TX,US
CE-CON-00676,Greta,Godfrey,CE-ACC-00076,CSR Lead,g.godfrey675@crescent.example.org,(912) 555-3675,Biloxi,MS,US
CE-CON-00677,Jasper,Miller,CE-ACC-00077,Development Director,j.miller676@windward.example.org,(912) 555-3676,Beaufort,SC,US
CE-CON-00678,Mercedes,Foster,CE-ACC-00078,Board Liaison,m.foster677@coquina.example.org,(912) 555-3677,Key West,FL,US
CE-CON-00679,Pierce,Cole,CE-ACC-00079,Finance Manager,p.cole678@halyard.example.org,(912) 555-3678,Newport,RI,US
CE-CON-00680,Aisha,Bishop,CE-ACC-00080,Partnerships Lead,a.bishop679@sound.example.org,(912) 555-3679,Savannah,GA,US
CE-CON-00681,Carlos,Kowalski,CE-ACC-00081,Program Officer,c.kowalski680@bayou.example.org,(912) 555-3680,Charleston,SC,US
CE-CON-00682,Sofia,Mbeki,CE-ACC-00082,Grants Manager,s.mbeki681@delta.example.org,(912) 555-3681,Jacksonville,FL,US
CE-CON-00683,Marcus,Umber,CE-ACC-00083,Executive Director,m.umber682@tidepool.example.org,(912) 555-3682,Mobile,AL,US
CE-CON-00684,Grace,Crowe,CE-ACC-00084,CSR Lead,g.crowe683@saltmarsh.example.org,(912) 555-3683,Wilmington,NC,US
CE-CON-00685,Luis,Joubert,CE-ACC-00085,Development Director,l.joubert684@driftline.example.org,(912) 555-3684,Norfolk,VA,US
CE-CON-00686,Dana,Brooks,CE-ACC-00086,Board Liaison,d.brooks685@pelican.example.org,(912) 555-3685,Brunswick,GA,US
CE-CON-00687,Sam,Grant,CE-ACC-00087,Finance Manager,s.grant686@mangrove.example.org,(912) 555-3686,Gulfport,MS,US
CE-CON-00688,Iris,Vance,CE-ACC-00088,Partnerships Lead,i.vance687@barrier.example.org,(912) 555-3687,Pensacola,FL,US
CE-CON-00689,Hector,Whitfield,CE-ACC-00089,Program Officer,h.whitfield688@longshore.example.org,(912) 555-3688,New Bedford,MA,US
CE-CON-00690,Bianca,Soto,CE-ACC-00090,Grants Manager,b.soto689@keel.example.org,(912) 555-3689,Portland,ME,US
CE-CON-00691,Reuben,Quimby,CE-ACC-00091,Executive Director,r.quimby690@osprey.example.org,(912) 555-3690,Galveston,TX,US
CE-CON-00692,Uma,Yoder,CE-ACC-00092,CSR Lead,u.yoder691@brackish.example.org,(912) 555-3691,Biloxi,MS,US
CE-CON-00693,Xavier,Falk,CE-ACC-00093,Development Director,x.falk692@highwater.example.org,(912) 555-3692,Beaufort,SC,US
CE-CON-00694,Adele,Okafor,CE-ACC-00094,Board Liaison,a.okafor693@harbor.example.org,(912) 555-3693,Key West,FL,US
CE-CON-00695,Dmitri,Walsh,CE-ACC-00095,Finance Manager,d.walsh694@bluewave.example.org,(912) 555-3694,Newport,RI,US
CE-CON-00696,Greta,Iwu,CE-ACC-00096,Partnerships Lead,g.iwu695@seagate.example.org,(912) 555-3695,Savannah,GA,US
CE-CON-00697,Jasper,Quinn,CE-ACC-00097,Program Officer,j.quinn696@atlantic.example.org,(912) 555-3696,Charleston,SC,US
CE-CON-00698,Mercedes,Beaulieu,CE-ACC-00098,Grants Manager,m.beaulieu697@coastal.example.org,(912) 555-3697,Jacksonville,FL,US
CE-CON-00699,Pierce,Ling,CE-ACC-00099,Executive Director,p.ling698@port.example.org,(912) 555-3698,Mobile,AL,US
CE-CON-00700,Aisha,Tibbets,CE-ACC-00100,CSR Lead,a.tibbets699@estuary.example.org,(912) 555-3699,Wilmington,NC,US
CE-CON-00701,Carlos,Bassett,CE-ACC-00101,Development Director,c.bassett700@tidewater.example.org,(912) 555-3700,Norfolk,VA,US
CE-CON-00702,Sofia,Ingles,CE-ACC-00102,Board Liaison,s.ingles701@meridian.example.org,(912) 555-3701,Brunswick,GA,US
CE-CON-00703,Marcus,Patel,CE-ACC-00103,Finance Manager,m.patel702@anchor.example.org,(912) 555-3702,Gulfport,MS,US
CE-CON-00704,Grace,Osei,CE-ACC-00104,Partnerships Lead,g.osei703@gulfstream.example.org,(912) 555-3703,Pensacola,FL,US
CE-CON-00705,Luis,Sharp,CE-ACC-00105,Program Officer,l.sharp704@beacon.example.org,(912) 555-3704,New Bedford,MA,US
CE-CON-00706,Dana,Trudeau,CE-ACC-00106,Grants Manager,d.trudeau705@crescent.example.org,(912) 555-3705,Portland,ME,US
CE-CON-00707,Sam,Renner,CE-ACC-00107,Executive Director,s.renner706@windward.example.org,(912) 555-3706,Galveston,TX,US
CE-CON-00708,Iris,Petrov,CE-ACC-00108,CSR Lead,i.petrov707@coquina.example.org,(912) 555-3707,Biloxi,MS,US
CE-CON-00709,Hector,Wexler,CE-ACC-00109,Development Director,h.wexler708@halyard.example.org,(912) 555-3708,Beaufort,SC,US
CE-CON-00710,Bianca,Ellery,CE-ACC-00110,Board Liaison,b.ellery709@sound.example.org,(912) 555-3709,Key West,FL,US
CE-CON-00711,Reuben,Chen,CE-ACC-00111,Finance Manager,r.chen710@bayou.example.org,(912) 555-3710,Newport,RI,US
CE-CON-00712,Uma,Torres,CE-ACC-00112,Partnerships Lead,u.torres711@delta.example.org,(912) 555-3711,Savannah,GA,US
CE-CON-00713,Xavier,Barnes,CE-ACC-00113,Program Officer,x.barnes712@tidepool.example.org,(912) 555-3712,Charleston,SC,US
CE-CON-00714,Adele,Ferro,CE-ACC-00114,Grants Manager,a.ferro713@saltmarsh.example.org,(912) 555-3713,Jacksonville,FL,US
CE-CON-00715,Dmitri,Ostrander,CE-ACC-00115,Executive Director,d.ostrander714@driftline.example.org,(912) 555-3714,Mobile,AL,US
CE-CON-00716,Greta,Hargrove,CE-ACC-00116,CSR Lead,g.hargrove715@pelican.example.org,(912) 555-3715,Wilmington,NC,US
CE-CON-00717,Jasper,Salinas,CE-ACC-00117,Development Director,j.salinas716@mangrove.example.org,(912) 555-3716,Norfolk,VA,US
CE-CON-00718,Mercedes,Aldridge,CE-ACC-00118,Board Liaison,m.aldridge717@barrier.example.org,(912) 555-3717,Brunswick,GA,US
CE-CON-00719,Pierce,Huxley,CE-ACC-00119,Finance Manager,p.huxley718@longshore.example.org,(912) 555-3718,Gulfport,MS,US
CE-CON-00720,Aisha,Nguyen,CE-ACC-00120,Partnerships Lead,a.nguyen719@keel.example.org,(912) 555-3719,Pensacola,FL,US
CE-CON-00721,Carlos,Reyes,CE-ACC-00121,Program Officer,c.reyes720@osprey.example.org,(912) 555-3720,New Bedford,MA,US
CE-CON-00722,Sofia,Mendez,CE-ACC-00122,Grants Manager,s.mendez721@brackish.example.org,(912) 555-3721,Portland,ME,US
CE-CON-00723,Marcus,Lockhart,CE-ACC-00123,Executive Director,m.lockhart722@highwater.example.org,(912) 555-3722,Galveston,TX,US
CE-CON-00724,Grace,Ashby,CE-ACC-00124,CSR Lead,g.ashby723@harbor.example.org,(912) 555-3723,Biloxi,MS,US
CE-CON-00725,Luis,Norwood,CE-ACC-00125,Development Director,l.norwood724@bluewave.example.org,(912) 555-3724,Beaufort,SC,US
CE-CON-00726,Dana,Villanueva,CE-ACC-00126,Board Liaison,d.villanueva725@seagate.example.org,(912) 555-3725,Key West,FL,US
CE-CON-00727,Sam,Dunmore,CE-ACC-00127,Finance Manager,s.dunmore726@atlantic.example.org,(912) 555-3726,Newport,RI,US
CE-CON-00728,Iris,Alvarez,CE-ACC-00128,Partnerships Lead,i.alvarez727@coastal.example.org,(912) 555-3727,Savannah,GA,US
CE-CON-00729,Hector,Kim,CE-ACC-00129,Program Officer,h.kim728@port.example.org,(912) 555-3728,Charleston,SC,US
CE-CON-00730,Bianca,Delgado,CE-ACC-00130,Grants Manager,b.delgado729@estuary.example.org,(912) 555-3729,Jacksonville,FL,US
CE-CON-00731,Reuben,Holt,CE-ACC-00131,Executive Director,r.holt730@tidewater.example.org,(912) 555-3730,Mobile,AL,US
CE-CON-00732,Uma,Camacho,CE-ACC-00132,CSR Lead,u.camacho731@meridian.example.org,(912) 555-3731,Wilmington,NC,US
CE-CON-00733,Xavier,Duval,CE-ACC-00133,Development Director,x.duval732@anchor.example.org,(912) 555-3732,Norfolk,VA,US
CE-CON-00734,Adele,Rousseau,CE-ACC-00134,Board Liaison,a.rousseau733@gulfstream.example.org,(912) 555-3733,Brunswick,GA,US
CE-CON-00735,Dmitri,Zamora,CE-ACC-00135,Finance Manager,d.zamora734@beacon.example.org,(912) 555-3734,Gulfport,MS,US
CE-CON-00736,Greta,Godfrey,CE-ACC-00136,Partnerships Lead,g.godfrey735@crescent.example.org,(912) 555-3735,Pensacola,FL,US
CE-CON-00737,Jasper,Miller,CE-ACC-00137,Program Officer,j.miller736@windward.example.org,(912) 555-3736,New Bedford,MA,US
CE-CON-00738,Mercedes,Foster,CE-ACC-00138,Grants Manager,m.foster737@coquina.example.org,(912) 555-3737,Portland,ME,US
CE-CON-00739,Pierce,Cole,CE-ACC-00139,Executive Director,p.cole738@halyard.example.org,(912) 555-3738,Galveston,TX,US
CE-CON-00740,Aisha,Bishop,CE-ACC-00140,CSR Lead,a.bishop739@sound.example.org,(912) 555-3739,Biloxi,MS,US
CE-CON-00741,Carlos,Kowalski,CE-ACC-00141,Development Director,c.kowalski740@bayou.example.org,(912) 555-3740,Beaufort,SC,US
CE-CON-00742,Sofia,Mbeki,CE-ACC-00142,Board Liaison,s.mbeki741@delta.example.org,(912) 555-3741,Key West,FL,US
CE-CON-00743,Marcus,Umber,CE-ACC-00143,Finance Manager,m.umber742@tidepool.example.org,(912) 555-3742,Newport,RI,US
CE-CON-00744,Grace,Crowe,CE-ACC-00144,Partnerships Lead,g.crowe743@saltmarsh.example.org,(912) 555-3743,Savannah,GA,US
CE-CON-00745,Luis,Joubert,CE-ACC-00145,Program Officer,l.joubert744@driftline.example.org,(912) 555-3744,Charleston,SC,US
CE-CON-00746,Dana,Brooks,CE-ACC-00146,Grants Manager,d.brooks745@pelican.example.org,(912) 555-3745,Jacksonville,FL,US
CE-CON-00747,Sam,Grant,CE-ACC-00147,Executive Director,s.grant746@mangrove.example.org,(912) 555-3746,Mobile,AL,US
CE-CON-00748,Iris,Vance,CE-ACC-00148,CSR Lead,i.vance747@barrier.example.org,(912) 555-3747,Wilmington,NC,US
CE-CON-00749,Hector,Whitfield,CE-ACC-00149,Development Director,h.whitfield748@longshore.example.org,(912) 555-3748,Norfolk,VA,US
CE-CON-00750,Bianca,Soto,CE-ACC-00150,Board Liaison,b.soto749@keel.example.org,(912) 555-3749,Brunswick,GA,US
CE-CON-00751,Reuben,Quimby,CE-ACC-00151,Finance Manager,r.quimby750@osprey.example.org,(912) 555-3750,Gulfport,MS,US
CE-CON-00752,Uma,Yoder,CE-ACC-00152,Partnerships Lead,u.yoder751@brackish.example.org,(912) 555-3751,Pensacola,FL,US
CE-CON-00753,Xavier,Falk,CE-ACC-00153,Program Officer,x.falk752@highwater.example.org,(912) 555-3752,New Bedford,MA,US
CE-CON-00754,Adele,Okafor,CE-ACC-00154,Grants Manager,a.okafor753@harbor.example.org,(912) 555-3753,Portland,ME,US
CE-CON-00755,Dmitri,Walsh,CE-ACC-00155,Executive Director,d.walsh754@bluewave.example.org,(912) 555-3754,Galveston,TX,US
CE-CON-00756,Greta,Iwu,CE-ACC-00156,CSR Lead,g.iwu755@seagate.example.org,(912) 555-3755,Biloxi,MS,US
CE-CON-00757,Jasper,Quinn,CE-ACC-00157,Development Director,j.quinn756@atlantic.example.org,(912) 555-3756,Beaufort,SC,US
CE-CON-00758,Mercedes,Beaulieu,CE-ACC-00158,Board Liaison,m.beaulieu757@coastal.example.org,(912) 555-3757,Key West,FL,US
CE-CON-00759,Pierce,Ling,CE-ACC-00159,Finance Manager,p.ling758@port.example.org,(912) 555-3758,Newport,RI,US
CE-CON-00760,Aisha,Tibbets,CE-ACC-00160,Partnerships Lead,a.tibbets759@estuary.example.org,(912) 555-3759,Savannah,GA,US
CE-CON-00761,Carlos,Bassett,CE-ACC-00161,Program Officer,c.bassett760@tidewater.example.org,(912) 555-3760,Charleston,SC,US
CE-CON-00762,Sofia,Ingles,CE-ACC-00162,Grants Manager,s.ingles761@meridian.example.org,(912) 555-3761,Jacksonville,FL,US
CE-CON-00763,Marcus,Patel,CE-ACC-00163,Executive Director,m.patel762@anchor.example.org,(912) 555-3762,Mobile,AL,US
CE-CON-00764,Grace,Osei,CE-ACC-00164,CSR Lead,g.osei763@gulfstream.example.org,(912) 555-3763,Wilmington,NC,US
CE-CON-00765,Luis,Sharp,CE-ACC-00165,Development Director,l.sharp764@beacon.example.org,(912) 555-3764,Norfolk,VA,US
CE-CON-00766,Dana,Trudeau,CE-ACC-00166,Board Liaison,d.trudeau765@crescent.example.org,(912) 555-3765,Brunswick,GA,US
CE-CON-00767,Sam,Renner,CE-ACC-00167,Finance Manager,s.renner766@windward.example.org,(912) 555-3766,Gulfport,MS,US
CE-CON-00768,Iris,Petrov,CE-ACC-00168,Partnerships Lead,i.petrov767@coquina.example.org,(912) 555-3767,Pensacola,FL,US
CE-CON-00769,Hector,Wexler,CE-ACC-00169,Program Officer,h.wexler768@halyard.example.org,(912) 555-3768,New Bedford,MA,US
CE-CON-00770,Bianca,Ellery,CE-ACC-00170,Grants Manager,b.ellery769@sound.example.org,(912) 555-3769,Portland,ME,US
CE-CON-00771,Reuben,Chen,CE-ACC-00171,Executive Director,r.chen770@bayou.example.org,(912) 555-3770,Galveston,TX,US
CE-CON-00772,Uma,Torres,CE-ACC-00172,CSR Lead,u.torres771@delta.example.org,(912) 555-3771,Biloxi,MS,US
CE-CON-00773,Xavier,Barnes,CE-ACC-00173,Development Director,x.barnes772@tidepool.example.org,(912) 555-3772,Beaufort,SC,US
CE-CON-00774,Adele,Ferro,CE-ACC-00174,Board Liaison,a.ferro773@saltmarsh.example.org,(912) 555-3773,Key West,FL,US
CE-CON-00775,Dmitri,Ostrander,CE-ACC-00175,Finance Manager,d.ostrander774@driftline.example.org,(912) 555-3774,Newport,RI,US
CE-CON-00776,Greta,Hargrove,CE-ACC-00176,Partnerships Lead,g.hargrove775@pelican.example.org,(912) 555-3775,Savannah,GA,US
CE-CON-00777,Jasper,Salinas,CE-ACC-00177,Program Officer,j.salinas776@mangrove.example.org,(912) 555-3776,Charleston,SC,US
CE-CON-00778,Mercedes,Aldridge,CE-ACC-00178,Grants Manager,m.aldridge777@barrier.example.org,(912) 555-3777,Jacksonville,FL,US
CE-CON-00779,Pierce,Huxley,CE-ACC-00179,Executive Director,p.huxley778@longshore.example.org,(912) 555-3778,Mobile,AL,US
CE-CON-00780,Aisha,Nguyen,CE-ACC-00180,CSR Lead,a.nguyen779@keel.example.org,(912) 555-3779,Wilmington,NC,US
CE-CON-00781,Carlos,Reyes,CE-ACC-00181,Development Director,c.reyes780@osprey.example.org,(912) 555-3780,Norfolk,VA,US
CE-CON-00782,Sofia,Mendez,CE-ACC-00182,Board Liaison,s.mendez781@brackish.example.org,(912) 555-3781,Brunswick,GA,US
CE-CON-00783,Marcus,Lockhart,CE-ACC-00183,Finance Manager,m.lockhart782@highwater.example.org,(912) 555-3782,Gulfport,MS,US
CE-CON-00784,Grace,Ashby,CE-ACC-00184,Partnerships Lead,g.ashby783@harbor.example.org,(912) 555-3783,Pensacola,FL,US
CE-CON-00785,Luis,Norwood,CE-ACC-00185,Program Officer,l.norwood784@bluewave.example.org,(912) 555-3784,New Bedford,MA,US
CE-CON-00786,Dana,Villanueva,CE-ACC-00186,Grants Manager,d.villanueva785@seagate.example.org,(912) 555-3785,Portland,ME,US
CE-CON-00787,Sam,Dunmore,CE-ACC-00187,Executive Director,s.dunmore786@atlantic.example.org,(912) 555-3786,Galveston,TX,US
CE-CON-00788,Iris,Alvarez,CE-ACC-00188,CSR Lead,i.alvarez787@coastal.example.org,(912) 555-3787,Biloxi,MS,US
CE-CON-00789,Hector,Kim,CE-ACC-00189,Development Director,h.kim788@port.example.org,(912) 555-3788,Beaufort,SC,US
CE-CON-00790,Bianca,Delgado,CE-ACC-00190,Board Liaison,b.delgado789@estuary.example.org,(912) 555-3789,Key West,FL,US
CE-CON-00791,Reuben,Holt,CE-ACC-00191,Finance Manager,r.holt790@tidewater.example.org,(912) 555-3790,Newport,RI,US
CE-CON-00792,Uma,Camacho,CE-ACC-00192,Partnerships Lead,u.camacho791@meridian.example.org,(912) 555-3791,Savannah,GA,US
CE-CON-00793,Xavier,Duval,CE-ACC-00193,Program Officer,x.duval792@anchor.example.org,(912) 555-3792,Charleston,SC,US
CE-CON-00794,Adele,Rousseau,CE-ACC-00194,Grants Manager,a.rousseau793@gulfstream.example.org,(912) 555-3793,Jacksonville,FL,US
CE-CON-00795,Dmitri,Zamora,CE-ACC-00195,Executive Director,d.zamora794@beacon.example.org,(912) 555-3794,Mobile,AL,US
CE-CON-00796,Greta,Godfrey,CE-ACC-00196,CSR Lead,g.godfrey795@crescent.example.org,(912) 555-3795,Wilmington,NC,US
CE-CON-00797,Jasper,Miller,CE-ACC-00197,Development Director,j.miller796@windward.example.org,(912) 555-3796,Norfolk,VA,US
CE-CON-00798,Mercedes,Foster,CE-ACC-00198,Board Liaison,m.foster797@coquina.example.org,(912) 555-3797,Brunswick,GA,US
CE-CON-00799,Pierce,Cole,CE-ACC-00199,Finance Manager,p.cole798@halyard.example.org,(912) 555-3798,Gulfport,MS,US
CE-CON-00800,Aisha,Bishop,CE-ACC-00200,Partnerships Lead,a.bishop799@sound.example.org,(912) 555-3799,Pensacola,FL,US
